{
    "Graph with 6 nodes and 5 edges": {
        "solution": [
            {
                "(0, 2, 3)": 1,
                "(0, 2, 4)": 1,
                "(0, 3, 1)": 1,
                "(0, 3, 2)": 1,
                "(0, 3, 3)": 1,
                "(0, 3, 4)": 1,
                "(1, 3, 0)": 1,
                "(1, 3, 1)": 1,
                "(1, 3, 2)": 1,
                "(1, 3, 3)": 1,
                "(1, 3, 4)": 1,
                "(2, 5, 3)": 1,
                "(2, 5, 4)": 1,
                "(3, 4, 2)": 1,
                "(3, 4, 3)": 1,
                "(3, 4, 4)": 1
            }
        ],
        "join": [
            5,
            [
                2,
                [
                    4,
                    [
                        0,
                        [
                            1,
                            3
                        ]
                    ]
                ]
            ]
        ],
        "cost": 621321748.4911082,
        "time": 1.5681886672973633,
        "estimation_size": 19,
        "optimal_cost": 614102473.7955337,
        "optimal_solution": [
            [
                3,
                [
                    1,
                    [
                        0,
                        [
                            5,
                            2
                        ]
                    ]
                ]
            ],
            4
        ],
        "graph_aware_dynamic_programming_cost": 615445116.7826275,
        "graph_aware_dynamic_programming_solution": [
            4,
            [
                1,
                [
                    3,
                    [
                        0,
                        [
                            5,
                            2
                        ]
                    ]
                ]
            ]
        ],
        "greedy_cost": 616437767.8383883,
        "greedy_solution": [
            4,
            [
                3,
                [
                    1,
                    [
                        0,
                        [
                            2,
                            5
                        ]
                    ]
                ]
            ]
        ],
        "graph_aware_greedy_cost": 617828409.2175148,
        "graph_aware_greedy_solution": [
            4,
            [
                1,
                [
                    3,
                    [
                        0,
                        [
                            2,
                            5
                        ]
                    ]
                ]
            ]
        ],
        "found_optimal": 0,
        "plans_are_equal": 1
    }
}