{
    "Graph with 8 nodes and 7 edges": {
        "solution": [
            {
                "(0, 3, 0)": 1,
                "(0, 3, 1)": 1,
                "(0, 3, 2)": 1,
                "(0, 3, 3)": 1,
                "(0, 3, 4)": 1,
                "(0, 3, 5)": 1,
                "(0, 3, 6)": 1,
                "(0, 4, 1)": 1,
                "(0, 4, 2)": 1,
                "(0, 4, 3)": 1,
                "(0, 4, 4)": 1,
                "(0, 4, 5)": 1,
                "(0, 4, 6)": 1,
                "(1, 6, 1)": 1,
                "(1, 6, 2)": 1,
                "(1, 6, 3)": 1,
                "(1, 6, 4)": 1,
                "(1, 6, 5)": 1,
                "(1, 6, 6)": 1,
                "(2, 6, 1)": 1,
                "(2, 6, 2)": 1,
                "(2, 6, 3)": 1,
                "(2, 6, 4)": 1,
                "(2, 6, 5)": 1,
                "(2, 6, 6)": 1,
                "(4, 7, 1)": 1,
                "(4, 7, 2)": 1,
                "(4, 7, 3)": 1,
                "(4, 7, 4)": 1,
                "(4, 7, 5)": 1,
                "(4, 7, 6)": 1,
                "(5, 6, 1)": 1,
                "(5, 6, 2)": 1,
                "(5, 6, 3)": 1,
                "(5, 6, 4)": 1,
                "(5, 6, 5)": 1,
                "(5, 6, 6)": 1,
                "(6, 7, 1)": 1,
                "(6, 7, 2)": 1,
                "(6, 7, 3)": 1,
                "(6, 7, 4)": 1,
                "(6, 7, 5)": 1,
                "(6, 7, 6)": 1
            }
        ],
        "join": [
            5,
            [
                2,
                [
                    1,
                    [
                        6,
                        [
                            7,
                            [
                                4,
                                [
                                    0,
                                    3
                                ]
                            ]
                        ]
                    ]
                ]
            ]
        ],
        "cost": 127517621938.5981,
        "time": 18.468104362487793,
        "estimation_size": 20,
        "optimal_cost": 127256716721.84698,
        "optimal_solution": [
            3,
            [
                [
                    1,
                    [
                        6,
                        [
                            2,
                            [
                                0,
                                [
                                    7,
                                    4
                                ]
                            ]
                        ]
                    ]
                ],
                5
            ]
        ],
        "graph_aware_dynamic_programming_cost": 127271832464.21019,
        "graph_aware_dynamic_programming_solution": [
            3,
            [
                5,
                [
                    [
                        0,
                        [
                            [
                                [
                                    7,
                                    4
                                ],
                                6
                            ],
                            2
                        ]
                    ],
                    1
                ]
            ]
        ],
        "greedy_cost": 127336553349.10187,
        "greedy_solution": [
            3,
            [
                5,
                [
                    6,
                    [
                        2,
                        [
                            1,
                            [
                                0,
                                [
                                    4,
                                    7
                                ]
                            ]
                        ]
                    ]
                ]
            ]
        ],
        "graph_aware_greedy_cost": 127363564415.54144,
        "graph_aware_greedy_solution": [
            3,
            [
                5,
                [
                    1,
                    [
                        2,
                        [
                            6,
                            [
                                0,
                                [
                                    4,
                                    7
                                ]
                            ]
                        ]
                    ]
                ]
            ]
        ],
        "found_optimal": 0,
        "plans_are_equal": 0
    }
}