{
    "Graph with 7 nodes and 6 edges": {
        "solution": [
            {
                "(0, 3, 1)": 1,
                "(0, 3, 2)": 1,
                "(0, 3, 3)": 1,
                "(0, 3, 4)": 1,
                "(0, 3, 5)": 1,
                "(0, 6, 1)": 1,
                "(0, 6, 2)": 1,
                "(0, 6, 3)": 1,
                "(0, 6, 4)": 1,
                "(0, 6, 5)": 1,
                "(1, 6, 0)": 1,
                "(1, 6, 1)": 1,
                "(1, 6, 2)": 1,
                "(1, 6, 3)": 1,
                "(1, 6, 4)": 1,
                "(1, 6, 5)": 1,
                "(2, 3, 1)": 1,
                "(2, 3, 2)": 1,
                "(2, 3, 3)": 1,
                "(2, 3, 4)": 1,
                "(2, 3, 5)": 1,
                "(3, 5, 1)": 1,
                "(3, 5, 2)": 1,
                "(3, 5, 3)": 1,
                "(3, 5, 4)": 1,
                "(3, 5, 5)": 1,
                "(4, 6, 1)": 1,
                "(4, 6, 2)": 1,
                "(4, 6, 3)": 1,
                "(4, 6, 4)": 1,
                "(4, 6, 5)": 1
            }
        ],
        "join": [
            4,
            [
                5,
                [
                    2,
                    [
                        3,
                        [
                            0,
                            [
                                1,
                                6
                            ]
                        ]
                    ]
                ]
            ]
        ],
        "cost": 3103493526.4161453,
        "time": 2.3356542587280273,
        "estimation_size": 20,
        "optimal_cost": 2961397707.8653355,
        "optimal_solution": [
            5,
            [
                3,
                [
                    2,
                    [
                        [
                            0,
                            [
                                6,
                                4
                            ]
                        ],
                        1
                    ]
                ]
            ]
        ],
        "graph_aware_dynamic_programming_cost": 2974666424.7776475,
        "graph_aware_dynamic_programming_solution": [
            5,
            [
                [
                    2,
                    [
                        3,
                        [
                            0,
                            [
                                6,
                                4
                            ]
                        ]
                    ]
                ],
                1
            ]
        ],
        "greedy_cost": 2961843514.291384,
        "greedy_solution": [
            5,
            [
                3,
                [
                    2,
                    [
                        1,
                        [
                            0,
                            [
                                4,
                                6
                            ]
                        ]
                    ]
                ]
            ]
        ],
        "graph_aware_greedy_cost": 2986645113.021806,
        "graph_aware_greedy_solution": [
            5,
            [
                2,
                [
                    3,
                    [
                        1,
                        [
                            0,
                            [
                                4,
                                6
                            ]
                        ]
                    ]
                ]
            ]
        ],
        "found_optimal": 0,
        "plans_are_equal": 0
    }
}