{
    "Graph with 8 nodes and 7 edges": {
        "solution": [
            {
                "(0, 3, 5)": 1,
                "(0, 3, 6)": 1,
                "(0, 4, 4)": 1,
                "(0, 4, 5)": 1,
                "(0, 4, 6)": 1,
                "(1, 6, 1)": 1,
                "(1, 6, 2)": 1,
                "(1, 6, 3)": 1,
                "(1, 6, 4)": 1,
                "(1, 6, 5)": 1,
                "(1, 6, 6)": 1,
                "(2, 6, 2)": 1,
                "(2, 6, 3)": 1,
                "(2, 6, 4)": 1,
                "(2, 6, 5)": 1,
                "(2, 6, 6)": 1,
                "(4, 7, 4)": 1,
                "(4, 7, 5)": 1,
                "(4, 7, 6)": 1,
                "(5, 6, 3)": 1,
                "(5, 6, 4)": 1,
                "(5, 6, 5)": 1,
                "(5, 6, 6)": 1,
                "(6, 7, 0)": 1,
                "(6, 7, 1)": 1,
                "(6, 7, 2)": 1,
                "(6, 7, 3)": 1,
                "(6, 7, 4)": 1,
                "(6, 7, 5)": 1,
                "(6, 7, 6)": 1
            }
        ],
        "join": [
            3,
            [
                0,
                [
                    4,
                    [
                        5,
                        [
                            2,
                            [
                                1,
                                [
                                    6,
                                    7
                                ]
                            ]
                        ]
                    ]
                ]
            ]
        ],
        "cost": 129040952437.4298,
        "time": 1665.7997226715088,
        "estimation_size": 19,
        "optimal_cost": 127181822203.9295,
        "optimal_solution": [
            3,
            [
                [
                    1,
                    [
                        6,
                        [
                            2,
                            [
                                0,
                                [
                                    7,
                                    4
                                ]
                            ]
                        ]
                    ]
                ],
                5
            ]
        ],
        "graph_aware_dynamic_programming_cost": 127196937946.29271,
        "graph_aware_dynamic_programming_solution": [
            3,
            [
                5,
                [
                    [
                        0,
                        [
                            [
                                [
                                    7,
                                    4
                                ],
                                6
                            ],
                            2
                        ]
                    ],
                    1
                ]
            ]
        ],
        "greedy_cost": 127261658831.18439,
        "greedy_solution": [
            3,
            [
                5,
                [
                    6,
                    [
                        2,
                        [
                            1,
                            [
                                0,
                                [
                                    4,
                                    7
                                ]
                            ]
                        ]
                    ]
                ]
            ]
        ],
        "graph_aware_greedy_cost": 127288669897.62396,
        "graph_aware_greedy_solution": [
            3,
            [
                5,
                [
                    1,
                    [
                        2,
                        [
                            6,
                            [
                                0,
                                [
                                    4,
                                    7
                                ]
                            ]
                        ]
                    ]
                ]
            ]
        ],
        "found_optimal": 0,
        "plans_are_equal": 0
    }
}