{
    "Graph with 4 nodes and 3 edges": {
        "solution": [
            {
                "(0, 3, 1)": 1,
                "(0, 3, 2)": 1,
                "(1, 3, 0)": 1,
                "(1, 3, 1)": 1,
                "(1, 3, 2)": 1,
                "(2, 3, 2)": 1
            }
        ],
        "join": [
            2,
            [
                0,
                [
                    1,
                    3
                ]
            ]
        ],
        "cost": 1886170.2731825816,
        "time": 0.3874168395996094,
        "estimation_size": 19,
        "optimal_cost": 1885049.1556483018,
        "optimal_solution": [
            2,
            [
                3,
                [
                    1,
                    0
                ]
            ]
        ],
        "graph_aware_dynamic_programming_cost": 1886170.2731825814,
        "graph_aware_dynamic_programming_solution": [
            2,
            [
                0,
                [
                    1,
                    3
                ]
            ]
        ],
        "greedy_cost": 1886134.438267438,
        "greedy_solution": [
            2,
            [
                0,
                [
                    1,
                    3
                ]
            ]
        ],
        "graph_aware_greedy_cost": 1887876.7786781986,
        "graph_aware_greedy_solution": [
            2,
            [
                0,
                [
                    1,
                    3
                ]
            ]
        ],
        "found_optimal": 0,
        "plans_are_equal": 14
    }
}