{
    "Graph with 5 nodes and 4 edges": {
        "solution": [
            {
                "(0, 3, 0)": 1,
                "(0, 3, 1)": 1,
                "(0, 3, 2)": 1,
                "(0, 3, 3)": 1,
                "(0, 4, 3)": 1,
                "(1, 3, 1)": 1,
                "(1, 3, 2)": 1,
                "(1, 3, 3)": 1,
                "(2, 3, 2)": 1,
                "(2, 3, 3)": 1
            }
        ],
        "join": [
            4,
            [
                2,
                [
                    1,
                    [
                        0,
                        3
                    ]
                ]
            ]
        ],
        "cost": 264131.0122383426,
        "time": 0.04642939567565918,
        "estimation_size": 1,
        "optimal_cost": 262946.2955247973,
        "optimal_solution": [
            2,
            [
                [
                    1,
                    [
                        0,
                        4
                    ]
                ],
                3
            ]
        ],
        "graph_aware_dynamic_programming_cost": 263177.6458959237,
        "graph_aware_dynamic_programming_solution": [
            2,
            [
                4,
                [
                    1,
                    [
                        3,
                        0
                    ]
                ]
            ]
        ],
        "greedy_cost": 262946.29552479734,
        "greedy_solution": [
            2,
            [
                3,
                [
                    1,
                    [
                        0,
                        4
                    ]
                ]
            ]
        ],
        "graph_aware_greedy_cost": 263583.22774352157,
        "graph_aware_greedy_solution": [
            2,
            [
                1,
                [
                    3,
                    [
                        0,
                        4
                    ]
                ]
            ]
        ],
        "found_optimal": false,
        "plans_are_equal": false
    }
}