{
    "Graph with 3 nodes and 2 edges": {
        "solution": [
            {
                "(0, 1, 0)": 1,
                "(0, 1, 1)": 1,
                "(1, 2, 1)": 1
            }
        ],
        "join": [
            2,
            [
                0,
                1
            ]
        ],
        "cost": 110265.11777422206,
        "time": 0.22916936874389648,
        "estimation_size": 19,
        "optimal_cost": 110245.88673168157,
        "optimal_solution": [
            2,
            [
                1,
                0
            ]
        ],
        "graph_aware_dynamic_programming_cost": 110265.11777422206,
        "graph_aware_dynamic_programming_solution": [
            2,
            [
                1,
                0
            ]
        ],
        "greedy_cost": 110265.11777422206,
        "greedy_solution": [
            2,
            [
                0,
                1
            ]
        ],
        "graph_aware_greedy_cost": 110265.11777422206,
        "graph_aware_greedy_solution": [
            2,
            [
                0,
                1
            ]
        ],
        "found_optimal": 0,
        "plans_are_equal": 17
    }
}