{
    "Graph with 7 nodes and 6 edges": {
        "solution": [
            {
                "(0, 3, 3)": 1,
                "(0, 3, 4)": 1,
                "(0, 3, 5)": 1,
                "(0, 6, 0)": 1,
                "(0, 6, 1)": 1,
                "(0, 6, 2)": 1,
                "(0, 6, 3)": 1,
                "(0, 6, 4)": 1,
                "(0, 6, 5)": 1,
                "(1, 6, 2)": 1,
                "(1, 6, 3)": 1,
                "(1, 6, 4)": 1,
                "(1, 6, 5)": 1,
                "(2, 3, 4)": 1,
                "(2, 3, 5)": 1,
                "(3, 5, 4)": 1,
                "(3, 5, 5)": 1,
                "(4, 6, 1)": 1,
                "(4, 6, 2)": 1,
                "(4, 6, 3)": 1,
                "(4, 6, 4)": 1,
                "(4, 6, 5)": 1
            }
        ],
        "join": [
            5,
            [
                2,
                [
                    3,
                    [
                        1,
                        [
                            4,
                            [
                                0,
                                6
                            ]
                        ]
                    ]
                ]
            ]
        ],
        "cost": 2993728946.679474,
        "time": 46.774264097213745,
        "estimation_size": 19,
        "optimal_cost": 2903772520.096795,
        "optimal_solution": [
            5,
            [
                3,
                [
                    2,
                    [
                        [
                            0,
                            [
                                6,
                                4
                            ]
                        ],
                        1
                    ]
                ]
            ]
        ],
        "graph_aware_dynamic_programming_cost": 2917033874.3297253,
        "graph_aware_dynamic_programming_solution": [
            5,
            [
                [
                    2,
                    [
                        3,
                        [
                            0,
                            [
                                6,
                                4
                            ]
                        ]
                    ]
                ],
                1
            ]
        ],
        "greedy_cost": 2904218326.522844,
        "greedy_solution": [
            5,
            [
                3,
                [
                    2,
                    [
                        1,
                        [
                            0,
                            [
                                4,
                                6
                            ]
                        ]
                    ]
                ]
            ]
        ],
        "graph_aware_greedy_cost": 2928738239.0392494,
        "graph_aware_greedy_solution": [
            5,
            [
                2,
                [
                    3,
                    [
                        1,
                        [
                            0,
                            [
                                4,
                                6
                            ]
                        ]
                    ]
                ]
            ]
        ],
        "found_optimal": 0,
        "plans_are_equal": 0
    }
}