{
    "Graph with 4 nodes and 3 edges": {
        "solution": {
            "(0, 1, 1)": 1,
            "(0, 2, 0)": 1,
            "(0, 3, 2)": 1
        },
        "join": [
            3,
            [
                1,
                [
                    0,
                    2
                ]
            ]
        ],
        "cost": 9895.977926824979,
        "energy": -6.95887010309701,
        "time": 0.002002239227294922,
        "optimal_cost": 9895.977926824979,
        "optimal_solution": [
            3,
            [
                1,
                [
                    2,
                    0
                ]
            ]
        ],
        "found_optimal": true,
        "plans_are_equal": true
    }
}