{
    "Graph with 3 nodes and 2 edges": {
        "solution": [
            {
                "(0, 1, 0)": 1,
                "(0, 1, 1)": 1,
                "(1, 2, 1)": 1
            }
        ],
        "join": [
            2,
            [
                0,
                1
            ]
        ],
        "cost": 110928.2698522395,
        "energy": -245.41528258546913,
        "estimation_size": 20,
        "time": 0.00500178337097168,
        "dynamic_programming_cost": 110909.038809699,
        "dynamic_programming_solution": [
            2,
            [
                1,
                0
            ]
        ],
        "graph_aware_dynamic_programming_cost": 110928.2698522395,
        "graph_aware_dynamic_programming_solution": [
            2,
            [
                1,
                0
            ]
        ],
        "greedy_cost": 110928.2698522395,
        "greedy_solution": [
            2,
            [
                0,
                1
            ]
        ],
        "graph_aware_greedy_cost": 110928.2698522395,
        "graph_aware_greedy_solution": [
            2,
            [
                0,
                1
            ]
        ],
        "found_optimal": 18,
        "plans_are_equal": 18
    }
}