{
    "Graph with 8 nodes and 7 edges": {
        "solution": [
            {
                "(0, 1, 0)": 1,
                "(1, 2, 1)": 1,
                "(2, 3, 2)": 1,
                "(3, 4, 3)": 1,
                "(4, 5, 4)": 1,
                "(5, 6, 5)": 1,
                "(6, 7, 6)": 1
            }
        ],
        "join": [
            7,
            [
                6,
                [
                    5,
                    [
                        4,
                        [
                            3,
                            [
                                2,
                                [
                                    0,
                                    1
                                ]
                            ]
                        ]
                    ]
                ]
            ]
        ],
        "cost": 131379698261.42828,
        "time": 0.464768648147583,
        "estimation_size": 20,
        "optimal_cost": 129619181842.60736,
        "optimal_solution": [
            7,
            [
                3,
                [
                    6,
                    [
                        [
                            1,
                            [
                                0,
                                [
                                    5,
                                    4
                                ]
                            ]
                        ],
                        2
                    ]
                ]
            ]
        ],
        "graph_aware_dynamic_programming_cost": 131198498734.00243,
        "graph_aware_dynamic_programming_solution": [
            [
                [
                    0,
                    [
                        1,
                        [
                            [
                                [
                                    5,
                                    4
                                ],
                                3
                            ],
                            2
                        ]
                    ]
                ],
                6
            ],
            7
        ],
        "greedy_cost": 135012354767.35727,
        "greedy_solution": [
            7,
            [
                3,
                [
                    6,
                    [
                        5,
                        [
                            4,
                            [
                                2,
                                [
                                    0,
                                    1
                                ]
                            ]
                        ]
                    ]
                ]
            ]
        ],
        "graph_aware_greedy_cost": 131379698261.42828,
        "graph_aware_greedy_solution": [
            7,
            [
                6,
                [
                    5,
                    [
                        4,
                        [
                            3,
                            [
                                2,
                                [
                                    0,
                                    1
                                ]
                            ]
                        ]
                    ]
                ]
            ]
        ],
        "found_optimal": 3,
        "plans_are_equal": 2
    }
}