{
    "Graph with 15 nodes and 14 edges": {
        "solution": [
            {
                "(0, 1, 0)": 1,
                "(1, 2, 1)": 1,
                "(2, 3, 2)": 1,
                "(3, 4, 3)": 1,
                "(4, 5, 4)": 1,
                "(5, 6, 5)": 1,
                "(6, 7, 6)": 1,
                "(7, 8, 7)": 1,
                "(8, 9, 8)": 1,
                "(9, 10, 9)": 1,
                "(10, 11, 10)": 1,
                "(11, 12, 11)": 1,
                "(12, 13, 12)": 1,
                "(13, 14, 13)": 1
            }
        ],
        "join": [
            14,
            [
                13,
                [
                    12,
                    [
                        11,
                        [
                            10,
                            [
                                9,
                                [
                                    8,
                                    [
                                        7,
                                        [
                                            6,
                                            [
                                                5,
                                                [
                                                    4,
                                                    [
                                                        3,
                                                        [
                                                            2,
                                                            [
                                                                0,
                                                                1
                                                            ]
                                                        ]
                                                    ]
                                                ]
                                            ]
                                        ]
                                    ]
                                ]
                            ]
                        ]
                    ]
                ]
            ]
        ],
        "cost": 1.1413716041338784e+19,
        "time": 0.6026740074157715,
        "estimation_size": 20,
        "optimal_cost": 1.0761908416237083e+19,
        "optimal_solution": [
            14,
            [
                6,
                [
                    5,
                    [
                        3,
                        [
                            4,
                            [
                                2,
                                [
                                    13,
                                    [
                                        [
                                            11,
                                            [
                                                10,
                                                [
                                                    9,
                                                    [
                                                        1,
                                                        [
                                                            0,
                                                            [
                                                                8,
                                                                7
                                                            ]
                                                        ]
                                                    ]
                                                ]
                                            ]
                                        ],
                                        12
                                    ]
                                ]
                            ]
                        ]
                    ]
                ]
            ]
        ],
        "graph_aware_dynamic_programming_cost": 1.0794295636048054e+19,
        "graph_aware_dynamic_programming_solution": [
            14,
            [
                13,
                [
                    12,
                    [
                        11,
                        [
                            [
                                9,
                                [
                                    0,
                                    [
                                        1,
                                        [
                                            2,
                                            [
                                                3,
                                                [
                                                    4,
                                                    [
                                                        5,
                                                        [
                                                            6,
                                                            [
                                                                8,
                                                                7
                                                            ]
                                                        ]
                                                    ]
                                                ]
                                            ]
                                        ]
                                    ]
                                ]
                            ],
                            10
                        ]
                    ]
                ]
            ]
        ],
        "greedy_cost": 1.081567835513028e+19,
        "greedy_solution": [
            7,
            [
                8,
                [
                    6,
                    [
                        5,
                        [
                            3,
                            [
                                4,
                                [
                                    10,
                                    [
                                        9,
                                        [
                                            14,
                                            [
                                                11,
                                                [
                                                    12,
                                                    [
                                                        13,
                                                        [
                                                            2,
                                                            [
                                                                0,
                                                                1
                                                            ]
                                                        ]
                                                    ]
                                                ]
                                            ]
                                        ]
                                    ]
                                ]
                            ]
                        ]
                    ]
                ]
            ]
        ],
        "graph_aware_greedy_cost": 1.1413716041338784e+19,