{
    "Graph with 6 nodes and 5 edges": {
        "solution": [
            {
                "(0, 1, 3)": 1,
                "(1, 2, 2)": 1,
                "(2, 3, 1)": 1,
                "(3, 4, 0)": 1,
                "(4, 5, 4)": 1
            }
        ],
        "join": [
            5,
            [
                0,
                [
                    1,
                    [
                        2,
                        [
                            3,
                            4
                        ]
                    ]
                ]
            ]
        ],
        "cost": 622822916.1736419,
        "time": 0.3735344409942627,
        "estimation_size": 19,
        "optimal_cost": 616864198.2402296,
        "optimal_solution": [
            5,
            [
                0,
                [
                    1,
                    [
                        2,
                        [
                            4,
                            3
                        ]
                    ]
                ]
            ]
        ],
        "graph_aware_dynamic_programming_cost": 620966465.4891765,
        "graph_aware_dynamic_programming_solution": [
            5,
            [
                0,
                [
                    1,
                    [
                        2,
                        [
                            4,
                            3
                        ]
                    ]
                ]
            ]
        ],
        "greedy_cost": 619792495.9143858,
        "greedy_solution": [
            5,
            [
                0,
                [
                    1,
                    [
                        2,
                        [
                            3,
                            4
                        ]
                    ]
                ]
            ]
        ],
        "graph_aware_greedy_cost": 622822916.1736419,
        "graph_aware_greedy_solution": [
            5,
            [
                0,
                [
                    1,
                    [
                        2,
                        [
                            3,
                            4
                        ]
                    ]
                ]
            ]
        ],
        "found_optimal": 6,
        "plans_are_equal": 6
    }
}