{
    "Graph with 5 nodes and 4 edges": {
        "solution": [
            {
                "(1, 2, 1)": 1,
                "(3, 4, 3)": 1,
                "(2, 3, 2)": 1,
                "(0, 1, 0)": 1
            }
        ],
        "join": [
            4,
            [
                3,
                [
                    2,
                    [
                        0,
                        1
                    ]
                ]
            ]
        ],
        "cost": 13988094.544416005,
        "time": 1.7215468883514404,
        "estimation_size": 200,
        "optimal_cost": 13913776.721344566,
        "optimal_solution": [
            [
                4,
                [
                    2,
                    [
                        1,
                        0
                    ]
                ]
            ],
            3
        ],
        "graph_aware_dynamic_programming_cost": 13988094.544416001,
        "graph_aware_dynamic_programming_solution": [
            [
                3,
                [
                    2,
                    [
                        1,
                        0
                    ]
                ]
            ],
            4
        ],
        "greedy_cost": 13946232.642776545,
        "greedy_solution": [
            3,
            [
                4,
                [
                    2,
                    [
                        0,
                        1
                    ]
                ]
            ]
        ],
        "graph_aware_greedy_cost": 14008508.587493172,
        "graph_aware_greedy_solution": [
            4,
            [
                3,
                [
                    2,
                    [
                        0,
                        1
                    ]
                ]
            ]
        ],
        "found_optimal": 10,
        "plans_are_equal": 10
    }
}