{
    "Graph with 8 nodes and 7 edges": {
        "solution": [
            {
                "(4, 5, 0)": 1,
                "(3, 4, 1)": 1,
                "(2, 3, 2)": 1,
                "(6, 7, 6)": 1,
                "(5, 6, 5)": 1,
                "(1, 2, 3)": 1,
                "(0, 1, 4)": 1
            }
        ],
        "join": [
            7,
            [
                6,
                [
                    0,
                    [
                        1,
                        [
                            2,
                            [
                                3,
                                [
                                    4,
                                    5
                                ]
                            ]
                        ]
                    ]
                ]
            ]
        ],
        "cost": 130264501522.16061,
        "time": 1186.4289526939392,
        "estimation_size": 60,
        "optimal_cost": 128685601300.16414,
        "optimal_solution": [
            7,
            [
                3,
                [
                    6,
                    [
                        [
                            1,
                            [
                                0,
                                [
                                    5,
                                    4
                                ]
                            ]
                        ],
                        2
                    ]
                ]
            ]
        ],
        "graph_aware_dynamic_programming_cost": 130264422302.4867,
        "graph_aware_dynamic_programming_solution": [
            [
                [
                    0,
                    [
                        1,
                        [
                            [
                                [
                                    5,
                                    4
                                ],
                                3
                            ],
                            2
                        ]
                    ]
                ],
                6
            ],
            7
        ],
        "greedy_cost": 134078762326.4816,
        "greedy_solution": [
            7,
            [
                3,
                [
                    6,
                    [
                        5,
                        [
                            4,
                            [
                                2,
                                [
                                    0,
                                    1
                                ]
                            ]
                        ]
                    ]
                ]
            ]
        ],
        "graph_aware_greedy_cost": 130445519555.7083,
        "graph_aware_greedy_solution": [
            7,
            [
                6,
                [
                    5,
                    [
                        4,
                        [
                            3,
                            [
                                2,
                                [
                                    0,
                                    1
                                ]
                            ]
                        ]
                    ]
                ]
            ]
        ],
        "found_optimal": 5,
        "plans_are_equal": 5
    }
}