{
    "Graph with 7 nodes and 6 edges": {
        "solution": [
            {
                "(0, 1, 5)": 1,
                "(1, 2, 4)": 1,
                "(3, 4, 2)": 1,
                "(2, 3, 3)": 1,
                "(5, 6, 0)": 1,
                "(4, 5, 1)": 1
            }
        ],
        "join": [
            0,
            [
                1,
                [
                    2,
                    [
                        3,
                        [
                            4,
                            [
                                5,
                                6
                            ]
                        ]
                    ]
                ]
            ]
        ],
        "cost": 2974360478.359836,
        "time": 4833.210951089859,
        "estimation_size": 100,
        "optimal_cost": 2961601637.179622,
        "optimal_solution": [
            3,
            [
                4,
                [
                    [
                        1,
                        [
                            0,
                            [
                                6,
                                5
                            ]
                        ]
                    ],
                    2
                ]
            ]
        ],
        "graph_aware_dynamic_programming_cost": 2974360478.3598356,
        "graph_aware_dynamic_programming_solution": [
            0,
            [
                1,
                [
                    2,
                    [
                        3,
                        [
                            [
                                6,
                                5
                            ],
                            4
                        ]
                    ]
                ]
            ]
        ],
        "greedy_cost": 2966881595.695532,
        "greedy_solution": [
            3,
            [
                6,
                [
                    5,
                    [
                        4,
                        [
                            2,
                            [
                                0,
                                1
                            ]
                        ]
                    ]
                ]
            ]
        ],
        "graph_aware_greedy_cost": 2974905705.2191405,
        "graph_aware_greedy_solution": [
            6,
            [
                5,
                [
                    4,
                    [
                        3,
                        [
                            2,
                            [
                                0,
                                1
                            ]
                        ]
                    ]
                ]
            ]
        ],
        "found_optimal": 6,
        "plans_are_equal": 6
    }
}