{
    "Graph with 5 nodes and 4 edges": {
        "solution": [
            {
                "(0, 1, 0)": 1,
                "(1, 2, 1)": 1,
                "(2, 3, 2)": 1,
                "(3, 4, 3)": 1
            }
        ],
        "join": [
            4,
            [
                3,
                [
                    2,
                    [
                        0,
                        1
                    ]
                ]
            ]
        ],
        "cost": 13931819.00199359,
        "time": 0.36846137046813965,
        "estimation_size": 20,
        "optimal_cost": 13834794.445284842,
        "optimal_solution": [
            [
                4,
                [
                    2,
                    [
                        1,
                        0
                    ]
                ]
            ],
            3
        ],
        "graph_aware_dynamic_programming_cost": 13911404.95891642,
        "graph_aware_dynamic_programming_solution": [
            [
                3,
                [
                    2,
                    [
                        1,
                        0
                    ]
                ]
            ],
            4
        ],
        "greedy_cost": 13867250.36671682,
        "greedy_solution": [
            3,
            [
                4,
                [
                    2,
                    [
                        0,
                        1
                    ]
                ]
            ]
        ],
        "graph_aware_greedy_cost": 13931819.00199359,
        "graph_aware_greedy_solution": [
            4,
            [
                3,
                [
                    2,
                    [
                        0,
                        1
                    ]
                ]
            ]
        ],
        "found_optimal": 8,
        "plans_are_equal": 8
    }
}