{
    "Graph with 14 nodes and 13 edges": {
        "solution": [
            {
                "(0, 1, 12)": 1,
                "(1, 2, 11)": 1,
                "(2, 3, 10)": 1,
                "(3, 4, 9)": 1,
                "(4, 5, 8)": 1,
                "(5, 6, 7)": 1,
                "(6, 7, 6)": 1,
                "(7, 8, 5)": 1,
                "(8, 9, 4)": 1,
                "(9, 10, 1)": 1,
                "(10, 11, 0)": 1,
                "(11, 12, 2)": 1,
                "(12, 13, 3)": 1
            }
        ],
        "join": [
            0,
            [
                1,
                [
                    2,
                    [
                        3,
                        [
                            4,
                            [
                                5,
                                [
                                    6,
                                    [
                                        7,
                                        [
                                            8,
                                            [
                                                13,
                                                [
                                                    12,
                                                    [
                                                        9,
                                                        [
                                                            10,
                                                            11
                                                        ]
                                                    ]
                                                ]
                                            ]
                                        ]
                                    ]
                                ]
                            ]
                        ]
                    ]
                ]
            ]
        ],
        "cost": 7.782896299729646e+16,
        "time": 0.5771136283874512,
        "estimation_size": 20,
        "optimal_cost": 7.745265197210493e+16,
        "optimal_solution": [
            6,
            [
                5,
                [
                    7,
                    [
                        8,
                        [
                            [
                                12,
                                [
                                    2,
                                    [
                                        3,
                                        [
                                            4,
                                            [
                                                1,
                                                [
                                                    0,
                                                    [
                                                        9,
                                                        [
                                                            11,
                                                            10
                                                        ]
                                                    ]
                                                ]
                                            ]
                                        ]
                                    ]
                                ]
                            ],
                            13
                        ]
                    ]
                ]
            ]
        ],
        "graph_aware_dynamic_programming_cost": 7.768662125602034e+16,
        "graph_aware_dynamic_programming_solution": [
            [
                12,
                [
                    0,
                    [
                        1,
                        [
                            2,
                            [
                                3,
                                [
                                    4,
                                    [
                                        [
                                            6,
                                            [
                                                7,
                                                [
                                                    8,
                                                    [
                                                        9,
                                                        [
                                                            11,
                                                            10
                                                        ]
                                                    ]
                                                ]
                                            ]
                                        ],
                                        5
                                    ]
                                ]
                            ]
                        ]
                    ]
                ]
            ],
            13
        ],
        "greedy_cost": 7.77377877946564e+16,
        "greedy_solution": [
            6,
            [
                5,
                [
                    3,
                    [
                        4,
                        [
                            2,
                            [
                                1,
                                [
                                    0,
                                    [
                                        7,
                                        [
                                            8,
                                            [
                                                13,
                                                [
                                                    12,
                                                    [
                                                        9,
                                                        [
                                                            10,
                                                            11
                                                        ]
                                                    ]
                                                ]
                                            ]
                                        ]
                                    ]
                                ]
                            ]
                        ]
                    ]
                ]
            ]
        ],
        "graph_aware_greedy_cost": 7.782896299729646e+16,