{
    "Graph with 8 nodes and 7 edges": {
        "solution": [
            {
                "(0, 5, 2)": 1,
                "(0, 7, 0)": 1,
                "(0, 6, 1)": 1,
                "(0, 7, 1)": 1,
                "(0, 7, 2)": 1,
                "(0, 6, 2)": 1,
                "(0, 1, 3)": 1,
                "(0, 2, 4)": 1,
                "(0, 6, 3)": 1,
                "(0, 1, 4)": 1,
                "(0, 7, 3)": 1,
                "(0, 6, 4)": 1,
                "(0, 7, 4)": 1,
                "(0, 3, 4)": 1,
                "(0, 5, 3)": 1,
                "(0, 5, 4)": 1,
                "(0, 3, 5)": 1,
                "(0, 1, 5)": 1,
                "(0, 2, 5)": 1,
                "(0, 4, 5)": 1,
                "(0, 5, 5)": 1,
                "(0, 7, 5)": 1,
                "(0, 6, 5)": 1,
                "(0, 1, 6)": 1,
                "(0, 3, 6)": 1,
                "(0, 4, 6)": 1,
                "(0, 5, 6)": 1,
                "(0, 2, 6)": 1,
                "(0, 6, 6)": 1,
                "(0, 7, 6)": 1
            }
        ],
        "join": [
            4,
            [
                3,
                [
                    2,
                    [
                        1,
                        [
                            5,
                            [
                                6,
                                [
                                    0,
                                    7
                                ]
                            ]
                        ]
                    ]
                ]
            ]
        ],
        "cost": 131146068428.42197,
        "energy": -153981294.13321206,
        "estimation_size": 20,
        "dynamic_programming_cost": 127126876373.0296,
        "dynamic_programming_solution": [
            3,
            [
                [
                    [
                        2,
                        [
                            4,
                            [
                                1,
                                [
                                    5,
                                    0
                                ]
                            ]
                        ]
                    ],
                    6
                ],
                7
            ]
        ],
        "graph_aware_dynamic_programming_cost": 127126876373.0296,
        "graph_aware_dynamic_programming_solution": [
            3,
            [
                [
                    [
                        2,
                        [
                            4,
                            [
                                1,
                                [
                                    5,
                                    0
                                ]
                            ]
                        ]
                    ],
                    6
                ],
                7
            ]
        ],
        "greedy_cost": 127126876373.02965,
        "greedy_solution": [
            3,
            [
                7,
                [
                    6,
                    [
                        2,
                        [
                            4,
                            [
                                1,
                                [
                                    0,
                                    5
                                ]
                            ]
                        ]
                    ]
                ]
            ]
        ],
        "graph_aware_greedy_cost": 127126876373.02965,
        "graph_aware_greedy_solution": [
            3,
            [
                7,
                [
                    6,
                    [
                        2,
                        [
                            4,
                            [
                                1,
                                [
                                    0,
                                    5
                                ]
                            ]
                        ]
                    ]
                ]
            ]
        ],
        "found_optimal": 0,
        "plans_are_equal": 0
    }
}