{
    "Graph with 7 nodes and 6 edges": {
        "solution": [
            {
                "(0, 4, 2)": 1,
                "(0, 3, 2)": 1,
                "(0, 3, 1)": 1,
                "(0, 4, 1)": 1,
                "(0, 3, 0)": 1,
                "(0, 6, 2)": 1,
                "(0, 4, 3)": 1,
                "(0, 3, 3)": 1,
                "(0, 4, 4)": 1,
                "(0, 6, 3)": 1,
                "(0, 1, 4)": 1,
                "(0, 6, 4)": 1,
                "(0, 5, 3)": 1,
                "(0, 3, 4)": 1,
                "(0, 5, 4)": 1,
                "(0, 3, 5)": 1,
                "(0, 1, 5)": 1,
                "(0, 6, 5)": 1,
                "(0, 4, 5)": 1,
                "(0, 2, 5)": 1,
                "(0, 5, 5)": 1
            }
        ],
        "join": [
            2,
            [
                1,
                [
                    5,
                    [
                        6,
                        [
                            4,
                            [
                                0,
                                3
                            ]
                        ]
                    ]
                ]
            ]
        ],
        "cost": 3033316652.827385,
        "energy": -15694293.420992745,
        "estimation_size": 20,
        "dynamic_programming_cost": 2947063399.194052,
        "dynamic_programming_solution": [
            [
                5,
                [
                    4,
                    [
                        2,
                        [
                            1,
                            [
                                6,
                                0
                            ]
                        ]
                    ]
                ]
            ],
            3
        ],
        "graph_aware_dynamic_programming_cost": 2947063399.194052,
        "graph_aware_dynamic_programming_solution": [
            [
                5,
                [
                    4,
                    [
                        2,
                        [
                            1,
                            [
                                6,
                                0
                            ]
                        ]
                    ]
                ]
            ],
            3
        ],
        "greedy_cost": 2947063399.194052,
        "greedy_solution": [
            3,
            [
                5,
                [
                    4,
                    [
                        2,
                        [
                            1,
                            [
                                0,
                                6
                            ]
                        ]
                    ]
                ]
            ]
        ],
        "graph_aware_greedy_cost": 2947063399.194052,
        "graph_aware_greedy_solution": [
            3,
            [
                5,
                [
                    4,
                    [
                        2,
                        [
                            1,
                            [
                                0,
                                6
                            ]
                        ]
                    ]
                ]
            ]
        ],
        "found_optimal": 0,
        "plans_are_equal": 0
    }
}