{
    "Graph with 8 nodes and 8 edges": {
        "solution": {
            "(0, 1, 4)": 1,
            "(5, 6, 5)": 1,
            "(1, 2, 3)": 1,
            "(2, 3, 2)": 1,
            "(4, 5, 0)": 1,
            "(3, 4, 1)": 1,
            "(0, 7, 6)": 1
        },
        "join": [
            7,
            [
                6,
                [
                    0,
                    [
                        1,
                        [
                            2,
                            [
                                3,
                                [
                                    4,
                                    5
                                ]
                            ]
                        ]
                    ]
                ]
            ]
        ],
        "cost": 183019044.19924042,
        "optimal_cost": 179177196.09849486,
        "optimal_solution": [
            5,
            [
                7,
                [
                    6,
                    [
                        0,
                        [
                            1,
                            [
                                2,
                                [
                                    4,
                                    3
                                ]
                            ]
                        ]
                    ]
                ]
            ]
        ],
        "found_optimal": false,
        "plans_are_equal": false
    }
}