{
    "Graph with 15 nodes and 105 edges": {
        "solution": {
            "(2, 9, 0)": 1,
            "(2, 10, 3)": 1,
            "(2, 3, 4)": 1,
            "(2, 7, 5)": 1,
            "(2, 6, 6)": 1,
            "(2, 12, 7)": 1,
            "(0, 2, 8)": 1,
            "(2, 14, 2)": 1,
            "(0, 8, 10)": 1,
            "(0, 11, 9)": 1,
            "(0, 5, 11)": 1,
            "(0, 1, 12)": 1,
            "(4, 9, 1)": 1,
            "(10, 13, 13)": 1
        },
        "join": [
            13,
            [
                1,
                [
                    5,
                    [
                        8,
                        [
                            11,
                            [
                                0,
                                [
                                    12,
                                    [
                                        6,
                                        [
                                            7,
                                            [
                                                3,
                                                [
                                                    10,
                                                    [
                                                        14,
                                                        [
                                                            4,
                                                            [
                                                                2,
                                                                9
                                                            ]
                                                        ]
                                                    ]
                                                ]
                                            ]
                                        ]
                                    ]
                                ]
                            ]
                        ]
                    ]
                ]
            ]
        ],
        "cost": 6.955463411658253,
        "optimal_cost": 6.943420562773168,
        "optimal_solution": [
            13,
            [
                8,
                [
                    7,
                    [
                        1,
                        [
                            3,
                            [
                                10,
                                [
                                    0,
                                    [
                                        5,
                                        [
                                            12,
                                            [
                                                11,
                                                [
                                                    6,
                                                    [
                                                        14,
                                                        [
                                                            4,
                                                            [
                                                                9,
                                                                2
                                                            ]
                                                        ]
                                                    ]
                                                ]
                                            ]
                                        ]
                                    ]
                                ]
                            ]
                        ]
                    ]
                ]
            ]
        ],
        "found_optimal": false,
        "plans_are_equal": false
    }
}