{
    "Graph with 14 nodes and 14 edges": {
        "solution": {
            "(9, 10, 0)": 1,
            "(8, 9, 1)": 1,
            "(10, 11, 2)": 1,
            "(7, 8, 3)": 1,
            "(11, 12, 5)": 1,
            "(12, 13, 6)": 1,
            "(6, 7, 4)": 1,
            "(0, 13, 7)": 1,
            "(1, 2, 9)": 1,
            "(0, 1, 8)": 1,
            "(2, 3, 10)": 1,
            "(3, 4, 11)": 1,
            "(5, 6, 12)": 1
        },
        "join": [
            5,
            [
                4,
                [
                    3,
                    [
                        2,
                        [
                            1,
                            [
                                0,
                                [
                                    13,
                                    [
                                        12,
                                        [
                                            6,
                                            [
                                                7,
                                                [
                                                    11,
                                                    [
                                                        8,
                                                        [
                                                            9,
                                                            10
                                                        ]
                                                    ]
                                                ]
                                            ]
                                        ]
                                    ]
                                ]
                            ]
                        ]
                    ]
                ]
            ]
        ],
        "cost": 64249365240.98421,
        "optimal_cost": 64231949380.47623,
        "optimal_solution": [
            5,
            [
                4,
                [
                    6,
                    [
                        7,
                        [
                            8,
                            [
                                3,
                                [
                                    2,
                                    [
                                        11,
                                        [
                                            12,
                                            [
                                                13,
                                                [
                                                    [
                                                        0,
                                                        [
                                                            10,
                                                            9
                                                        ]
                                                    ],
                                                    1
                                                ]
                                            ]
                                        ]
                                    ]
                                ]
                            ]
                        ]
                    ]
                ]
            ]
        ],
        "found_optimal": false,
        "plans_are_equal": false
    }
}