{
    "Graph with 6 nodes and 5 edges": {
        "solution": [
            {
                "(0, 2, 1)": 1,
                "(3, 4, 4)": 1,
                "(1, 3, 3)": 1,
                "(0, 3, 2)": 1,
                "(2, 5, 0)": 1
            }
        ],
        "join": [
            4,
            [
                1,
                [
                    3,
                    [
                        0,
                        [
                            2,
                            5
                        ]
                    ]
                ]
            ]
        ],
        "cost": 845594735.0540055,
        "time": 1274.2674806118011,
        "estimation_size": 80,
        "optimal_cost": 844133999.945301,
        "optimal_solution": [
            [
                3,
                [
                    1,
                    [
                        0,
                        [
                            5,
                            2
                        ]
                    ]
                ]
            ],
            4
        ],
        "graph_aware_dynamic_programming_cost": 845594721.2170205,
        "graph_aware_dynamic_programming_solution": [
            4,
            [
                1,
                [
                    3,
                    [
                        0,
                        [
                            5,
                            2
                        ]
                    ]
                ]
            ]
        ],
        "greedy_cost": 846587372.2727814,
        "greedy_solution": [
            4,
            [
                3,
                [
                    1,
                    [
                        0,
                        [
                            2,
                            5
                        ]
                    ]
                ]
            ]
        ],
        "graph_aware_greedy_cost": 847978013.6519078,
        "graph_aware_greedy_solution": [
            4,
            [
                1,
                [
                    3,
                    [
                        0,
                        [
                            2,
                            5
                        ]
                    ]
                ]
            ]
        ],
        "found_optimal": 8,
        "plans_are_equal": 7
    }
}