{
    "Graph with 14 nodes and 13 edges": {
        "solution": {
            "(6, 12, 1)": 1,
            "(6, 7, 2)": 1,
            "(2, 6, 0)": 1,
            "(7, 8, 3)": 1,
            "(4, 12, 6)": 1,
            "(0, 4, 7)": 1,
            "(0, 9, 8)": 1,
            "(4, 13, 9)": 1,
            "(1, 13, 10)": 1,
            "(8, 10, 5)": 1,
            "(5, 6, 4)": 1,
            "(3, 12, 12)": 1,
            "(11, 13, 11)": 1
        },
        "join": [
            3,
            [
                11,
                [
                    1,
                    [
                        13,
                        [
                            9,
                            [
                                0,
                                [
                                    4,
                                    [
                                        10,
                                        [
                                            5,
                                            [
                                                8,
                                                [
                                                    7,
                                                    [
                                                        12,
                                                        [
                                                            2,
                                                            6
                                                        ]
                                                    ]
                                                ]
                                            ]
                                        ]
                                    ]
                                ]
                            ]
                        ]
                    ]
                ]
            ]
        ],
        "cost": 287663111807.97375,
        "time": 0.13500189781188965,
        "optimal_cost": null,
        "optimal_solution": null,
        "found_optimal": null,
        "plans_are_equal": false,
        "greedy_cost": 287723882185.0721,
        "greedy_solution": [
            3,
            [
                11,
                [
                    10,
                    [
                        8,
                        [
                            7,
                            [
                                5,
                                [
                                    12,
                                    [
                                        6,
                                        [
                                            2,
                                            [
                                                1,
                                                [
                                                    13,
                                                    [
                                                        4,
                                                        [
                                                            0,
                                                            9
                                                        ]
                                                    ]
                                                ]
                                            ]
                                        ]
                                    ]
                                ]
                            ]
                        ]
                    ]
                ]
            ]
        ],
        "greedy_with_graph_cost": 287663114979.1926,
        "greedy_with_graph_solution": [
            3,
            [
                11,
                [
                    1,
                    [
                        13,
                        [
                            9,
                            [
                                0,
                                [
                                    4,
                                    [
                                        10,
                                        [
                                            8,
                                            [
                                                7,
                                                [
                                                    5,
                                                    [
                                                        12,
                                                        [
                                                            2,
                                                            6
                                                        ]
                                                    ]
                                                ]
                                            ]
                                        ]
                                    ]
                                ]
                            ]
                        ]
                    ]
                ]
            ]
        ],
        "number_of_nodes": 14,
        "number_of_edges": 13,
        "method": "heuristic_1",
        "graph_type": "tree",
        "estimation_size": 2
    }
}