{
    "Graph with 13 nodes and 12 edges": {
        "solution": [
            {
                "(0, 4, 8)": 1,
                "(0, 5, 9)": 1,
                "(1, 6, 6)": 1,
                "(2, 12, 5)": 1,
                "(3, 6, 4)": 1,
                "(4, 7, 7)": 1,
                "(4, 11, 10)": 1,
                "(6, 10, 11)": 1,
                "(6, 12, 3)": 1,
                "(7, 8, 1)": 1,
                "(7, 12, 2)": 1,
                "(8, 9, 0)": 1
            }
        ],
        "join": [
            10,
            [
                11,
                [
                    5,
                    [
                        0,
                        [
                            4,
                            [
                                1,
                                [
                                    2,
                                    [
                                        3,
                                        [
                                            6,
                                            [
                                                12,
                                                [
                                                    7,
                                                    [
                                                        8,
                                                        9
                                                    ]
                                                ]
                                            ]
                                        ]
                                    ]
                                ]
                            ]
                        ]
                    ]
                ]
            ]
        ],
        "cost": 150189733327.21805,
        "time": 0.03780841827392578,
        "estimation_size": 1,
        "optimal_cost": 150187318108.44742,
        "optimal_solution": [
            10,
            [
                11,
                [
                    5,
                    [
                        [
                            2,
                            [
                                4,
                                [
                                    0,
                                    [
                                        3,
                                        [
                                            6,
                                            [
                                                12,
                                                [
                                                    [
                                                        9,
                                                        8
                                                    ],
                                                    7
                                                ]
                                            ]
                                        ]
                                    ]
                                ]
                            ]
                        ],
                        1
                    ]
                ]
            ]
        ],
        "graph_aware_dynamic_programming_cost": 150187327212.64282,
        "graph_aware_dynamic_programming_solution": [
            10,
            [
                11,
                [
                    [
                        [
                            2,
                            [
                                [
                                    6,
                                    [
                                        0,
                                        [
                                            4,
                                            [
                                                12,
                                                [
                                                    [
                                                        9,
                                                        8
                                                    ],
                                                    7
                                                ]
                                            ]
                                        ]
                                    ]
                                ],
                                3
                            ]
                        ],
                        1
                    ],
                    5
                ]
            ]
        ],
        "greedy_cost": 150187325775.04144,
        "greedy_solution": [
            10,
            [
                11,
                [
                    5,
                    [
                        1,
                        [
                            2,
                            [
                                3,
                                [
                                    6,
                                    [
                                        12,
                                        [
                                            7,
                                            [
                                                4,
                                                [
                                                    0,
                                                    [
                                                        8,
                                                        9
                                                    ]
                                                ]
                                            ]
                                        ]
                                    ]
                                ]
                            ]
                        ]
                    ]
                ]
            ]
        ],
        "graph_aware_greedy_cost": 150189733327.21805,
        "graph_aware_greedy_solution": [
            10,
            [
                11,
                [
                    5,
                    [
                        0,
                        [
                            4,
                            [
                                1,
                                [
                                    2,
                                    [
                                        3,
                                        [
                                            6,
                                            [
                                                12,
                                                [
                                                    7,
                                                    [
                                                        8,
                                                        9
                                                    ]
                                                ]
                                            ]
                                        ]
                                    ]
                                ]
                            ]
                        ]
                    ]
                ]
            ]
        ],
        "found_optimal": false,
        "plans_are_equal": false
    }
}