{
    "Graph with 13 nodes and 12 edges": {
        "solution": {
            "(7, 12, 2)": 1,
            "(7, 8, 1)": 1,
            "(8, 9, 0)": 1,
            "(6, 12, 3)": 1,
            "(4, 7, 6)": 1,
            "(3, 6, 5)": 1,
            "(0, 4, 7)": 1,
            "(4, 11, 8)": 1,
            "(2, 12, 4)": 1,
            "(6, 10, 11)": 1,
            "(0, 5, 10)": 1,
            "(1, 6, 9)": 1
        },
        "join": [
            10,
            [
                5,
                [
                    1,
                    [
                        11,
                        [
                            0,
                            [
                                4,
                                [
                                    3,
                                    [
                                        2,
                                        [
                                            6,
                                            [
                                                12,
                                                [
                                                    7,
                                                    [
                                                        8,
                                                        9
                                                    ]
                                                ]
                                            ]
                                        ]
                                    ]
                                ]
                            ]
                        ]
                    ]
                ]
            ]
        ],
        "cost": 150325977854.52783,
        "time": 240.6065845489502,
        "optimal_cost": null,
        "optimal_solution": null,
        "found_optimal": null,
        "plans_are_equal": false,
        "greedy_cost": 150212275031.7895,
        "greedy_solution": [
            10,
            [
                11,
                [
                    5,
                    [
                        9,
                        [
                            8,
                            [
                                7,
                                [
                                    3,
                                    [
                                        6,
                                        [
                                            12,
                                            [
                                                2,
                                                [
                                                    1,
                                                    [
                                                        0,
                                                        4
                                                    ]
                                                ]
                                            ]
                                        ]
                                    ]
                                ]
                            ]
                        ]
                    ]
                ]
            ]
        ],
        "greedy_with_graph_cost": 150189733327.21805,
        "greedy_with_graph_solution": [
            10,
            [
                11,
                [
                    5,
                    [
                        0,
                        [
                            4,
                            [
                                1,
                                [
                                    2,
                                    [
                                        3,
                                        [
                                            6,
                                            [
                                                12,
                                                [
                                                    7,
                                                    [
                                                        8,
                                                        9
                                                    ]
                                                ]
                                            ]
                                        ]
                                    ]
                                ]
                            ]
                        ]
                    ]
                ]
            ]
        ],
        "number_of_nodes": 13,
        "number_of_edges": 12,
        "method": "heuristic_1",
        "graph_type": "tree",
        "estimation_size": 5
    }
}