{
    "Graph with 9 nodes and 8 edges": {
        "solution": [
            {
                "(0, 3, 1)": 1,
                "(0, 4, 0)": 1,
                "(1, 6, 6)": 1,
                "(2, 6, 4)": 1,
                "(4, 8, 2)": 1,
                "(5, 7, 7)": 1,
                "(6, 7, 5)": 1,
                "(6, 8, 3)": 1
            }
        ],
        "join": [
            5,
            [
                1,
                [
                    7,
                    [
                        2,
                        [
                            6,
                            [
                                8,
                                [
                                    3,
                                    [
                                        0,
                                        4
                                    ]
                                ]
                            ]
                        ]
                    ]
                ]
            ]
        ],
        "cost": 16682394.727970336,
        "time": 0.027570247650146484,
        "estimation_size": 1,
        "optimal_cost": 16405112.55992485,
        "optimal_solution": [
            [
                5,
                [
                    1,
                    [
                        3,
                        [
                            7,
                            [
                                6,
                                [
                                    2,
                                    [
                                        4,
                                        0
                                    ]
                                ]
                            ]
                        ]
                    ]
                ]
            ],
            8
        ],
        "graph_aware_dynamic_programming_cost": 16661225.771627547,
        "graph_aware_dynamic_programming_solution": [
            5,
            [
                1,
                [
                    3,
                    [
                        7,
                        [
                            2,
                            [
                                6,
                                [
                                    8,
                                    [
                                        4,
                                        0
                                    ]
                                ]
                            ]
                        ]
                    ]
                ]
            ]
        ],
        "greedy_cost": 16423274.1089129,
        "greedy_solution": [
            8,
            [
                5,
                [
                    7,
                    [
                        6,
                        [
                            2,
                            [
                                1,
                                [
                                    3,
                                    [
                                        0,
                                        4
                                    ]
                                ]
                            ]
                        ]
                    ]
                ]
            ]
        ],
        "graph_aware_greedy_cost": 16682394.727970336,
        "graph_aware_greedy_solution": [
            5,
            [
                1,
                [
                    7,
                    [
                        2,
                        [
                            6,
                            [
                                8,
                                [
                                    3,
                                    [
                                        0,
                                        4
                                    ]
                                ]
                            ]
                        ]
                    ]
                ]
            ]
        ],
        "found_optimal": false,
        "plans_are_equal": false
    }
}