{
    "Graph with 10 nodes and 9 edges": {
        "solution": {
            "(6, 7, 4)": 1,
            "(2, 6, 0)": 1,
            "(7, 8, 5)": 1,
            "(4, 6, 2)": 1,
            "(1, 6, 1)": 1,
            "(0, 4, 3)": 1,
            "(5, 8, 6)": 1,
            "(0, 3, 8)": 1,
            "(4, 9, 7)": 1
        },
        "join": [
            3,
            [
                9,
                [
                    5,
                    [
                        8,
                        [
                            7,
                            [
                                0,
                                [
                                    4,
                                    [
                                        1,
                                        [
                                            2,
                                            6
                                        ]
                                    ]
                                ]
                            ]
                        ]
                    ]
                ]
            ]
        ],
        "cost": 28584521762.33557,
        "time": 0.6160018444061279,
        "optimal_cost": 28571125295.263695,
        "optimal_solution": [
            3,
            [
                7,
                [
                    9,
                    [
                        0,
                        [
                            4,
                            [
                                1,
                                [
                                    6,
                                    [
                                        2,
                                        [
                                            8,
                                            5
                                        ]
                                    ]
                                ]
                            ]
                        ]
                    ]
                ]
            ]
        ],
        "found_optimal": false,
        "plans_are_equal": false,
        "greedy_cost": 28575249399.586784,
        "greedy_solution": [
            3,
            [
                7,
                [
                    8,
                    [
                        5,
                        [
                            9,
                            [
                                4,
                                [
                                    6,
                                    [
                                        2,
                                        [
                                            0,
                                            1
                                        ]
                                    ]
                                ]
                            ]
                        ]
                    ]
                ]
            ]
        ],
        "greedy_with_graph_cost": 28646480331.884697,
        "greedy_with_graph_solution": [
            3,
            [
                5,
                [
                    8,
                    [
                        7,
                        [
                            9,
                            [
                                0,
                                [
                                    4,
                                    [
                                        1,
                                        [
                                            2,
                                            6
                                        ]
                                    ]
                                ]
                            ]
                        ]
                    ]
                ]
            ]
        ],
        "number_of_nodes": 10,
        "number_of_edges": 9,
        "method": "heuristic_1",
        "graph_type": "tree",
        "estimation_size": 3
    }
}