{
    "Graph with 8 nodes and 7 edges": {
        "solution": {
            "(6, 7, 1)": 1,
            "(0, 3, 6)": 1,
            "(0, 4, 4)": 1,
            "(6, 7, 2)": 1,
            "(0, 4, 0)": 1,
            "(2, 6, 5)": 1,
            "(1, 6, 3)": 1
        },
        "join": [
            3,
            [
                2,
                [
                    1,
                    [
                        [
                            6,
                            7
                        ],
                        [
                            0,
                            4
                        ]
                    ]
                ]
            ]
        ],
        "cost": 66597850.431178756,
        "time": 504.95377564430237,
        "optimal_cost": 1001819124.8225763,
        "optimal_solution": [
            3,
            [
                [
                    1,
                    [
                        6,
                        [
                            2,
                            [
                                0,
                                [
                                    7,
                                    4
                                ]
                            ]
                        ]
                    ]
                ],
                5
            ]
        ],
        "found_optimal": false,
        "plans_are_equal": false,
        "greedy_cost": 1005429339.7722895,
        "greedy_solution": [
            3,
            [
                7,
                [
                    4,
                    [
                        5,
                        [
                            6,
                            [
                                2,
                                [
                                    0,
                                    1
                                ]
                            ]
                        ]
                    ]
                ]
            ]
        ],
        "greedy_with_graph_cost": 1001828143.026388,
        "greedy_with_graph_solution": [
            3,
            [
                5,
                [
                    1,
                    [
                        2,
                        [
                            6,
                            [
                                0,
                                [
                                    4,
                                    7
                                ]
                            ]
                        ]
                    ]
                ]
            ]
        ],
        "number_of_nodes": 8,
        "number_of_edges": 7,
        "method": "heuristic_1",
        "graph_type": "tree",
        "estimation_size": 6
    }
}