{
    "Graph with 6 nodes and 5 edges": {
        "solution": [
            {
                "(0, 2, 1)": 1,
                "(0, 3, 2)": 1,
                "(1, 3, 3)": 1,
                "(2, 5, 0)": 1,
                "(3, 4, 4)": 1
            }
        ],
        "join": [
            4,
            [
                1,
                [
                    3,
                    [
                        0,
                        [
                            2,
                            5
                        ]
                    ]
                ]
            ]
        ],
        "cost": 25341.993753172803,
        "time": 0.02506875991821289,
        "estimation_size": 1,
        "optimal_cost": 25006.753343204575,
        "optimal_solution": [
            [
                3,
                [
                    1,
                    [
                        0,
                        [
                            5,
                            2
                        ]
                    ]
                ]
            ],
            4
        ],
        "graph_aware_dynamic_programming_cost": 25341.993753172803,
        "graph_aware_dynamic_programming_solution": [
            4,
            [
                1,
                [
                    3,
                    [
                        0,
                        [
                            5,
                            2
                        ]
                    ]
                ]
            ]
        ],
        "greedy_cost": 25006.753343204582,
        "greedy_solution": [
            4,
            [
                3,
                [
                    1,
                    [
                        0,
                        [
                            2,
                            5
                        ]
                    ]
                ]
            ]
        ],
        "graph_aware_greedy_cost": 25341.993753172803,
        "graph_aware_greedy_solution": [
            4,
            [
                1,
                [
                    3,
                    [
                        0,
                        [
                            2,
                            5
                        ]
                    ]
                ]
            ]
        ],
        "found_optimal": false,
        "plans_are_equal": false
    }
}