{
    "Graph with 9 nodes and 8 edges": {
        "solution": {
            "(4, 8, 1)": 1,
            "(0, 4, 0)": 1,
            "(6, 8, 2)": 1,
            "(0, 3, 5)": 1,
            "(6, 7, 4)": 1,
            "(2, 6, 3)": 1,
            "(5, 7, 7)": 1,
            "(1, 6, 6)": 1
        },
        "join": [
            5,
            [
                1,
                [
                    3,
                    [
                        7,
                        [
                            2,
                            [
                                6,
                                [
                                    8,
                                    [
                                        0,
                                        4
                                    ]
                                ]
                            ]
                        ]
                    ]
                ]
            ]
        ],
        "cost": 16661225.771627547,
        "time": 0.0390019416809082,
        "optimal_cost": 16405112.55992485,
        "optimal_solution": [
            [
                5,
                [
                    1,
                    [
                        3,
                        [
                            7,
                            [
                                6,
                                [
                                    2,
                                    [
                                        4,
                                        0
                                    ]
                                ]
                            ]
                        ]
                    ]
                ]
            ],
            8
        ],
        "found_optimal": false,
        "plans_are_equal": false,
        "greedy_cost": 16423274.1089129,
        "greedy_solution": [
            8,
            [
                5,
                [
                    7,
                    [
                        6,
                        [
                            2,
                            [
                                1,
                                [
                                    3,
                                    [
                                        0,
                                        4
                                    ]
                                ]
                            ]
                        ]
                    ]
                ]
            ]
        ],
        "greedy_with_graph_cost": 16682394.727970336,
        "greedy_with_graph_solution": [
            5,
            [
                1,
                [
                    7,
                    [
                        2,
                        [
                            6,
                            [
                                8,
                                [
                                    3,
                                    [
                                        0,
                                        4
                                    ]
                                ]
                            ]
                        ]
                    ]
                ]
            ]
        ],
        "number_of_nodes": 9,
        "number_of_edges": 8,
        "method": "heuristic_1",
        "graph_type": "tree",
        "estimation_size": 2
    }
}