{
    "Graph with 15 nodes and 14 edges": {
        "solution": [
            {
                "(2, 6, 1)": 1,
                "(6, 14, 2)": 1,
                "(6, 9, 0)": 1,
                "(13, 14, 3)": 1,
                "(12, 13, 5)": 1,
                "(11, 12, 6)": 1,
                "(5, 14, 7)": 1,
                "(1, 13, 4)": 1,
                "(3, 12, 8)": 1,
                "(6, 7, 9)": 1,
                "(7, 8, 10)": 1,
                "(4, 8, 11)": 1,
                "(0, 4, 12)": 1,
                "(0, 10, 13)": 1
            }
        ],
        "join": [
            10,
            [
                0,
                [
                    4,
                    [
                        8,
                        [
                            7,
                            [
                                3,
                                [
                                    5,
                                    [
                                        11,
                                        [
                                            12,
                                            [
                                                1,
                                                [
                                                    13,
                                                    [
                                                        14,
                                                        [
                                                            2,
                                                            [
                                                                6,
                                                                9
                                                            ]
                                                        ]
                                                    ]
                                                ]
                                            ]
                                        ]
                                    ]
                                ]
                            ]
                        ]
                    ]
                ]
            ]
        ],
        "cost": 1.0945458469164354e+19,
        "time": 0.5218346118927002,
        "estimation_size": 20,
        "optimal_cost": 1.086301463321653e+19,
        "optimal_solution": [
            3,
            [
                7,
                [
                    5,
                    [
                        8,
                        [
                            4,
                            [
                                1,
                                [
                                    11,
                                    [
                                        12,
                                        [
                                            10,
                                            [
                                                0,
                                                [
                                                    13,
                                                    [
                                                        14,
                                                        [
                                                            2,
                                                            [
                                                                9,
                                                                6
                                                            ]
                                                        ]
                                                    ]
                                                ]
                                            ]
                                        ]
                                    ]
                                ]
                            ]
                        ]
                    ]
                ]
            ]
        ],
        "graph_aware_dynamic_programming_cost": 1.086371122152077e+19,
        "graph_aware_dynamic_programming_solution": [
            3,
            [
                5,
                [
                    1,
                    [
                        11,
                        [
                            12,
                            [
                                10,
                                [
                                    0,
                                    [
                                        [
                                            8,
                                            [
                                                7,
                                                [
                                                    13,
                                                    [
                                                        14,
                                                        [
                                                            2,
                                                            [
                                                                9,
                                                                6
                                                            ]
                                                        ]
                                                    ]
                                                ]
                                            ]
                                        ],
                                        4
                                    ]
                                ]
                            ]
                        ]
                    ]
                ]
            ]
        ],
        "greedy_cost": 1.0890224710807024e+19,
        "greedy_solution": [
            3,
            [
                7,
                [
                    5,
                    [
                        8,
                        [
                            11,
                            [
                                12,
                                [
                                    4,
                                    [
                                        10,
                                        [
                                            0,
                                            [
                                                1,
                                                [
                                                    13,
                                                    [
                                                        14,
                                                        [
                                                            2,
                                                            [
                                                                6,
                                                                9
                                                            ]
                                                        ]
                                                    ]
                                                ]
                                            ]
                                        ]
                                    ]
                                ]
                            ]
                        ]
                    ]
                ]
            ]
        ],
        "graph_aware_greedy_cost": 1.0945458469164354e+19,