{
    "Graph with 10 nodes and 9 edges": {
        "solution": [
            {
                "(0, 3, 8)": 1,
                "(0, 4, 3)": 1,
                "(1, 6, 1)": 1,
                "(2, 6, 0)": 1,
                "(4, 6, 2)": 1,
                "(4, 9, 4)": 1,
                "(5, 8, 7)": 1,
                "(6, 7, 5)": 1,
                "(7, 8, 6)": 1
            }
        ],
        "join": [
            3,
            [
                5,
                [
                    8,
                    [
                        7,
                        [
                            9,
                            [
                                0,
                                [
                                    4,
                                    [
                                        1,
                                        [
                                            2,
                                            6
                                        ]
                                    ]
                                ]
                            ]
                        ]
                    ]
                ]
            ]
        ],
        "cost": 28646480331.884697,
        "time": 0.0397951602935791,
        "estimation_size": 1,
        "optimal_cost": 28571125295.263695,
        "optimal_solution": [
            3,
            [
                7,
                [
                    9,
                    [
                        0,
                        [
                            4,
                            [
                                1,
                                [
                                    6,
                                    [
                                        2,
                                        [
                                            8,
                                            5
                                        ]
                                    ]
                                ]
                            ]
                        ]
                    ]
                ]
            ]
        ],
        "graph_aware_dynamic_programming_cost": 28579846006.465645,
        "graph_aware_dynamic_programming_solution": [
            3,
            [
                9,
                [
                    0,
                    [
                        4,
                        [
                            1,
                            [
                                5,
                                [
                                    8,
                                    [
                                        7,
                                        [
                                            6,
                                            2
                                        ]
                                    ]
                                ]
                            ]
                        ]
                    ]
                ]
            ]
        ],
        "greedy_cost": 28575248107.828022,
        "greedy_solution": [
            3,
            [
                7,
                [
                    8,
                    [
                        5,
                        [
                            9,
                            [
                                0,
                                [
                                    4,
                                    [
                                        1,
                                        [
                                            2,
                                            6
                                        ]
                                    ]
                                ]
                            ]
                        ]
                    ]
                ]
            ]
        ],
        "graph_aware_greedy_cost": 28646480331.884697,
        "graph_aware_greedy_solution": [
            3,
            [
                5,
                [
                    8,
                    [
                        7,
                        [
                            9,
                            [
                                0,
                                [
                                    4,
                                    [
                                        1,
                                        [
                                            2,
                                            6
                                        ]
                                    ]
                                ]
                            ]
                        ]
                    ]
                ]
            ]
        ],
        "found_optimal": false,
        "plans_are_equal": false
    }
}