{
    "Graph with 11 nodes and 10 edges": {
        "solution": [
            {
                "(0, 3, 0)": 1,
                "(0, 4, 1)": 1,
                "(1, 6, 5)": 1,
                "(2, 6, 6)": 1,
                "(4, 6, 4)": 1,
                "(4, 7, 2)": 1,
                "(5, 8, 9)": 1,
                "(6, 9, 7)": 1,
                "(7, 8, 8)": 1,
                "(7, 10, 3)": 1
            }
        ],
        "join": [
            5,
            [
                8,
                [
                    9,
                    [
                        2,
                        [
                            1,
                            [
                                6,
                                [
                                    10,
                                    [
                                        7,
                                        [
                                            4,
                                            [
                                                0,
                                                3
                                            ]
                                        ]
                                    ]
                                ]
                            ]
                        ]
                    ]
                ]
            ]
        ],
        "cost": 11917095189.835976,
        "time": 0.028050661087036133,
        "estimation_size": 1,
        "optimal_cost": 11873158396.408405,
        "optimal_solution": [
            8,
            [
                5,
                [
                    9,
                    [
                        2,
                        [
                            [
                                7,
                                [
                                    4,
                                    [
                                        6,
                                        [
                                            1,
                                            [
                                                3,
                                                0
                                            ]
                                        ]
                                    ]
                                ]
                            ],
                            10
                        ]
                    ]
                ]
            ]
        ],
        "graph_aware_dynamic_programming_cost": 11917072167.707378,
        "graph_aware_dynamic_programming_solution": [
            5,
            [
                8,
                [
                    9,
                    [
                        2,
                        [
                            10,
                            [
                                1,
                                [
                                    6,
                                    [
                                        7,
                                        [
                                            [
                                                3,
                                                0
                                            ],
                                            4
                                        ]
                                    ]
                                ]
                            ]
                        ]
                    ]
                ]
            ]
        ],
        "greedy_cost": 11873181025.071497,
        "greedy_solution": [
            8,
            [
                5,
                [
                    9,
                    [
                        2,
                        [
                            6,
                            [
                                1,
                                [
                                    10,
                                    [
                                        7,
                                        [
                                            4,
                                            [
                                                0,
                                                3
                                            ]
                                        ]
                                    ]
                                ]
                            ]
                        ]
                    ]
                ]
            ]
        ],
        "graph_aware_greedy_cost": 11917095189.835976,
        "graph_aware_greedy_solution": [
            5,
            [
                8,
                [
                    9,
                    [
                        2,
                        [
                            1,
                            [
                                6,
                                [
                                    10,
                                    [
                                        7,
                                        [
                                            4,
                                            [
                                                0,
                                                3
                                            ]
                                        ]
                                    ]
                                ]
                            ]
                        ]
                    ]
                ]
            ]
        ],
        "found_optimal": false,
        "plans_are_equal": false
    }
}