{
    "Graph with 9 nodes and 36 edges": {
        "solution": {
            "(0, 2, 2)": 1,
            "(0, 8, 3)": 1,
            "(0, 5, 4)": 1,
            "(0, 7, 1)": 1,
            "(0, 3, 6)": 1,
            "(1, 7, 0)": 1,
            "(0, 4, 5)": 1,
            "(5, 6, 7)": 1
        },
        "join": [
            6,
            [
                3,
                [
                    4,
                    [
                        5,
                        [
                            8,
                            [
                                2,
                                [
                                    0,
                                    [
                                        1,
                                        7
                                    ]
                                ]
                            ]
                        ]
                    ]
                ]
            ]
        ],
        "cost": 14.237261125542565,
        "time": 123.55663895606995,
        "optimal_cost": 9.730452399496324,
        "optimal_solution": [
            3,
            [
                6,
                [
                    5,
                    [
                        8,
                        [
                            7,
                            [
                                1,
                                [
                                    4,
                                    [
                                        2,
                                        0
                                    ]
                                ]
                            ]
                        ]
                    ]
                ]
            ]
        ],
        "found_optimal": false,
        "plans_are_equal": false,
        "greedy_cost": 9.730452399496324,
        "greedy_solution": [
            3,
            [
                6,
                [
                    5,
                    [
                        8,
                        [
                            7,
                            [
                                1,
                                [
                                    4,
                                    [
                                        0,
                                        2
                                    ]
                                ]
                            ]
                        ]
                    ]
                ]
            ]
        ]
    }
}