{
    "Graph with 15 nodes and 105 edges": {
        "solution": {
            "(2, 9, 0)": 1,
            "(2, 4, 1)": 1,
            "(2, 6, 3)": 1,
            "(2, 11, 4)": 1,
            "(2, 14, 2)": 1,
            "(2, 12, 5)": 1,
            "(2, 5, 6)": 1,
            "(0, 2, 7)": 1,
            "(0, 10, 8)": 1,
            "(0, 7, 10)": 1,
            "(0, 8, 11)": 1,
            "(0, 3, 9)": 1,
            "(0, 13, 12)": 1,
            "(1, 4, 13)": 1
        },
        "join": [
            1,
            [
                13,
                [
                    8,
                    [
                        7,
                        [
                            3,
                            [
                                10,
                                [
                                    0,
                                    [
                                        5,
                                        [
                                            12,
                                            [
                                                11,
                                                [
                                                    6,
                                                    [
                                                        14,
                                                        [
                                                            4,
                                                            [
                                                                2,
                                                                9
                                                            ]
                                                        ]
                                                    ]
                                                ]
                                            ]
                                        ]
                                    ]
                                ]
                            ]
                        ]
                    ]
                ]
            ]
        ],
        "cost": 6.943420562773168,
        "time": 0.08469939231872559,
        "optimal_cost": null,
        "optimal_solution": null,
        "found_optimal": null,
        "plans_are_equal": false,
        "greedy_cost": 6.943420562773168,
        "greedy_solution": [
            13,
            [
                8,
                [
                    7,
                    [
                        1,
                        [
                            3,
                            [
                                10,
                                [
                                    0,
                                    [
                                        5,
                                        [
                                            12,
                                            [
                                                11,
                                                [
                                                    6,
                                                    [
                                                        14,
                                                        [
                                                            4,
                                                            [
                                                                2,
                                                                9
                                                            ]
                                                        ]
                                                    ]
                                                ]
                                            ]
                                        ]
                                    ]
                                ]
                            ]
                        ]
                    ]
                ]
            ]
        ]
    }
}