{
    "Graph with 6 nodes and 15 edges": {
        "solution": {
            "(0, 4, 0)": 1,
            "(0, 3, 1)": 1,
            "(0, 3, 2)": 1,
            "(1, 2, 3)": 1,
            "(3, 5, 4)": 1,
            "(1, 5, 3)": 1
        },
        "join": [
            5,
            [
                [
                    1,
                    2
                ],
                [
                    3,
                    [
                        0,
                        4
                    ]
                ]
            ]
        ],
        "cost": 55.92292440902874,
        "time": 120.99237155914307,
        "optimal_cost": 16.691100268330906,
        "optimal_solution": [
            2,
            [
                1,
                [
                    5,
                    [
                        3,
                        [
                            4,
                            0
                        ]
                    ]
                ]
            ]
        ],
        "found_optimal": false,
        "plans_are_equal": false,
        "greedy_cost": 16.691100268330906,
        "greedy_solution": [
            2,
            [
                1,
                [
                    5,
                    [
                        3,
                        [
                            0,
                            4
                        ]
                    ]
                ]
            ]
        ]
    }
}