{
    "Graph with 14 nodes and 91 edges": {
        "solution": {
            "(0, 11, 0)": 1,
            "(0, 13, 2)": 1,
            "(0, 12, 3)": 1,
            "(0, 9, 4)": 1,
            "(0, 8, 5)": 1,
            "(0, 2, 6)": 1,
            "(0, 1, 7)": 1,
            "(0, 6, 8)": 1,
            "(0, 4, 9)": 1,
            "(0, 10, 10)": 1,
            "(0, 7, 11)": 1,
            "(0, 5, 1)": 1,
            "(3, 9, 12)": 1
        },
        "join": [
            3,
            [
                7,
                [
                    10,
                    [
                        4,
                        [
                            6,
                            [
                                1,
                                [
                                    2,
                                    [
                                        8,
                                        [
                                            9,
                                            [
                                                12,
                                                [
                                                    13,
                                                    [
                                                        5,
                                                        [
                                                            0,
                                                            11
                                                        ]
                                                    ]
                                                ]
                                            ]
                                        ]
                                    ]
                                ]
                            ]
                        ]
                    ]
                ]
            ]
        ],
        "cost": 12.602193043564592,
        "time": 23.581435680389404,
        "optimal_cost": null,
        "optimal_solution": null,
        "found_optimal": null,
        "plans_are_equal": false,
        "greedy_cost": 11.67448936787237,
        "greedy_solution": [
            3,
            [
                10,
                [
                    7,
                    [
                        6,
                        [
                            1,
                            [
                                2,
                                [
                                    9,
                                    [
                                        8,
                                        [
                                            12,
                                            [
                                                13,
                                                [
                                                    5,
                                                    [
                                                        4,
                                                        [
                                                            0,
                                                            11
                                                        ]
                                                    ]
                                                ]
                                            ]
                                        ]
                                    ]
                                ]
                            ]
                        ]
                    ]
                ]
            ]
        ]
    }
}