{
    "Graph with 7 nodes and 21 edges": {
        "solution": {
            "(1, 2, 2)": 1,
            "(1, 5, 3)": 1,
            "(2, 4, 0)": 1,
            "(0, 1, 4)": 1,
            "(2, 6, 1)": 1,
            "(3, 5, 5)": 1
        },
        "join": [
            3,
            [
                0,
                [
                    5,
                    [
                        1,
                        [
                            6,
                            [
                                2,
                                4
                            ]
                        ]
                    ]
                ]
            ]
        ],
        "cost": 43.429933306063866,
        "time": 123.04559302330017,
        "optimal_cost": 35.700949602579854,
        "optimal_solution": [
            3,
            [
                5,
                [
                    0,
                    [
                        6,
                        [
                            [
                                4,
                                2
                            ],
                            1
                        ]
                    ]
                ]
            ]
        ],
        "found_optimal": false,
        "plans_are_equal": false,
        "greedy_cost": 35.70094960257987,
        "greedy_solution": [
            3,
            [
                5,
                [
                    0,
                    [
                        6,
                        [
                            1,
                            [
                                2,
                                4
                            ]
                        ]
                    ]
                ]
            ]
        ]
    }
}