{
    "Graph with 4 nodes and 6 edges": {
        "solution": {
            "(1, 2, 0)": 1,
            "(1, 3, 1)": 1,
            "(0, 1, 2)": 1
        },
        "join": [
            0,
            [
                3,
                [
                    1,
                    2
                ]
            ]
        ],
        "cost": 61.41654470704924,
        "time": 0.05204010009765625,
        "optimal_cost": 61.41654470704924,
        "optimal_solution": [
            0,
            [
                3,
                [
                    2,
                    1
                ]
            ]
        ],
        "found_optimal": true,
        "plans_are_equal": true,
        "greedy_cost": 61.41654470704924,
        "greedy_solution": [
            0,
            [
                3,
                [
                    1,
                    2
                ]
            ]
        ]
    }
}