{
    "Graph with 11 nodes and 10 edges": {
        "solution": {
            "(2, 3, 4)": 1,
            "(5, 6, 0)": 1,
            "(7, 8, 5)": 1,
            "(8, 9, 6)": 1,
            "(4, 5, 1)": 1,
            "(6, 7, 3)": 1,
            "(3, 4, 2)": 1,
            "(1, 2, 7)": 1,
            "(0, 1, 8)": 1,
            "(9, 10, 9)": 1
        },
        "join": [
            10,
            [
                0,
                [
                    1,
                    [
                        9,
                        [
                            8,
                            [
                                2,
                                [
                                    7,
                                    [
                                        3,
                                        [
                                            4,
                                            [
                                                5,
                                                6
                                            ]
                                        ]
                                    ]
                                ]
                            ]
                        ]
                    ]
                ]
            ]
        ],
        "cost": 19781997372.68467,
        "time": 0.04400181770324707,
        "optimal_cost": 11781826707.514254,
        "optimal_solution": [
            7,
            [
                8,
                [
                    10,
                    [
                        9,
                        [
                            3,
                            [
                                4,
                                [
                                    2,
                                    [
                                        6,
                                        [
                                            5,
                                            [
                                                1,
                                                0
                                            ]
                                        ]
                                    ]
                                ]
                            ]
                        ]
                    ]
                ]
            ]
        ],
        "found_optimal": false,
        "plans_are_equal": false,
        "greedy_cost": 11781850146.17742,
        "greedy_solution": [
            7,
            [
                8,
                [
                    10,
                    [
                        9,
                        [
                            6,
                            [
                                5,
                                [
                                    4,
                                    [
                                        3,
                                        [
                                            2,
                                            [
                                                0,
                                                1
                                            ]
                                        ]
                                    ]
                                ]
                            ]
                        ]
                    ]
                ]
            ]
        ]
    }
}