{
    "Graph with 10 nodes and 45 edges": {
        "solution": {
            "(0, 4, 2)": 1,
            "(4, 9, 0)": 1,
            "(0, 8, 3)": 1,
            "(0, 2, 4)": 1,
            "(0, 1, 5)": 1,
            "(0, 5, 6)": 1,
            "(0, 7, 7)": 1,
            "(4, 6, 1)": 1,
            "(3, 6, 8)": 1
        },
        "join": [
            3,
            [
                7,
                [
                    5,
                    [
                        1,
                        [
                            2,
                            [
                                8,
                                [
                                    0,
                                    [
                                        6,
                                        [
                                            4,
                                            9
                                        ]
                                    ]
                                ]
                            ]
                        ]
                    ]
                ]
            ]
        ],
        "cost": 97.02160891164286,
        "time": 4.322344779968262,
        "optimal_cost": 72.97594306777566,
        "optimal_solution": [
            8,
            [
                2,
                [
                    6,
                    [
                        9,
                        [
                            4,
                            [
                                3,
                                [
                                    0,
                                    [
                                        1,
                                        [
                                            7,
                                            5
                                        ]
                                    ]
                                ]
                            ]
                        ]
                    ]
                ]
            ]
        ],
        "found_optimal": false,
        "plans_are_equal": false,
        "greedy_cost": 194.61180238151584,
        "greedy_solution": [
            8,
            [
                6,
                [
                    9,
                    [
                        4,
                        [
                            0,
                            [
                                7,
                                [
                                    5,
                                    [
                                        2,
                                        [
                                            1,
                                            3
                                        ]
                                    ]
                                ]
                            ]
                        ]
                    ]
                ]
            ]
        ]
    }
}