{
    "Graph with 10 nodes and 9 edges": {
        "solution": {
            "(4, 9, 4)": 1,
            "(0, 4, 3)": 1,
            "(6, 7, 5)": 1,
            "(7, 8, 6)": 1,
            "(4, 6, 2)": 1,
            "(5, 8, 7)": 1,
            "(2, 6, 1)": 1,
            "(1, 6, 0)": 1,
            "(0, 3, 8)": 1
        },
        "join": [
            3,
            [
                5,
                [
                    8,
                    [
                        7,
                        [
                            9,
                            [
                                0,
                                [
                                    4,
                                    [
                                        2,
                                        [
                                            1,
                                            6
                                        ]
                                    ]
                                ]
                            ]
                        ]
                    ]
                ]
            ]
        ],
        "cost": 28646480466.68965,
        "time": 0.02162456512451172,
        "optimal_cost": 28571125295.263695,
        "optimal_solution": [
            3,
            [
                7,
                [
                    9,
                    [
                        0,
                        [
                            4,
                            [
                                1,
                                [
                                    6,
                                    [
                                        2,
                                        [
                                            8,
                                            5
                                        ]
                                    ]
                                ]
                            ]
                        ]
                    ]
                ]
            ]
        ],
        "found_optimal": false,
        "plans_are_equal": false,
        "greedy_cost": 28575248107.828022,
        "greedy_solution": [
            3,
            [
                7,
                [
                    8,
                    [
                        5,
                        [
                            9,
                            [
                                0,
                                [
                                    4,
                                    [
                                        1,
                                        [
                                            2,
                                            6
                                        ]
                                    ]
                                ]
                            ]
                        ]
                    ]
                ]
            ]
        ]
    }
}