{
    "Graph with 15 nodes and 105 edges": {
        "solution": {
            "(2, 14, 2)": 1,
            "(2, 9, 0)": 1,
            "(2, 6, 3)": 1,
            "(0, 2, 4)": 1,
            "(0, 10, 5)": 1,
            "(0, 12, 6)": 1,
            "(0, 3, 7)": 1,
            "(0, 7, 8)": 1,
            "(0, 8, 9)": 1,
            "(0, 11, 10)": 1,
            "(0, 5, 11)": 1,
            "(0, 1, 12)": 1,
            "(2, 4, 1)": 1,
            "(1, 13, 13)": 1
        },
        "join": [
            13,
            [
                1,
                [
                    5,
                    [
                        11,
                        [
                            8,
                            [
                                7,
                                [
                                    3,
                                    [
                                        12,
                                        [
                                            10,
                                            [
                                                0,
                                                [
                                                    6,
                                                    [
                                                        14,
                                                        [
                                                            4,
                                                            [
                                                                2,
                                                                9
                                                            ]
                                                        ]
                                                    ]
                                                ]
                                            ]
                                        ]
                                    ]
                                ]
                            ]
                        ]
                    ]
                ]
            ]
        ],
        "cost": 6.943429912949362,
        "time": 69.50571203231812,
        "optimal_cost": null,
        "optimal_solution": null,
        "found_optimal": null,
        "plans_are_equal": false,
        "greedy_cost": 6.943420562773168,
        "greedy_solution": [
            13,
            [
                8,
                [
                    7,
                    [
                        1,
                        [
                            3,
                            [
                                10,
                                [
                                    0,
                                    [
                                        5,
                                        [
                                            12,
                                            [
                                                11,
                                                [
                                                    6,
                                                    [
                                                        14,
                                                        [
                                                            4,
                                                            [
                                                                2,
                                                                9
                                                            ]
                                                        ]
                                                    ]
                                                ]
                                            ]
                                        ]
                                    ]
                                ]
                            ]
                        ]
                    ]
                ]
            ]
        ]
    }
}