{
    "Graph with 8 nodes and 28 edges": {
        "solution": {
            "(1, 5, 2)": 1,
            "(1, 3, 3)": 1,
            "(1, 6, 0)": 1,
            "(0, 1, 4)": 1,
            "(1, 6, 1)": 1,
            "(1, 7, 5)": 1,
            "(2, 4, 6)": 1
        },
        "join": [
            [
                2,
                4
            ],
            [
                7,
                [
                    0,
                    [
                        3,
                        [
                            5,
                            [
                                1,
                                6
                            ]
                        ]
                    ]
                ]
            ]
        ],
        "cost": 2039.3301259421785,
        "time": 123.4869933128357,
        "optimal_cost": 72.48298984564029,
        "optimal_solution": [
            7,
            [
                4,
                [
                    3,
                    [
                        0,
                        [
                            5,
                            [
                                2,
                                [
                                    6,
                                    1
                                ]
                            ]
                        ]
                    ]
                ]
            ]
        ],
        "found_optimal": false,
        "plans_are_equal": false,
        "greedy_cost": 72.48298984564029,
        "greedy_solution": [
            7,
            [
                4,
                [
                    3,
                    [
                        0,
                        [
                            5,
                            [
                                2,
                                [
                                    1,
                                    6
                                ]
                            ]
                        ]
                    ]
                ]
            ]
        ]
    }
}