{
    "Graph with 8 nodes and 7 edges": {
        "solution": {
            "(1, 6, 4)": 1,
            "(4, 7, 0)": 1,
            "(5, 6, 5)": 1,
            "(0, 3, 6)": 1,
            "(6, 7, 1)": 1,
            "(2, 6, 2)": 1,
            "(0, 4, 3)": 1
        },
        "join": [
            3,
            [
                5,
                [
                    1,
                    [
                        0,
                        [
                            2,
                            [
                                6,
                                [
                                    4,
                                    7
                                ]
                            ]
                        ]
                    ]
                ]
            ]
        ],
        "cost": 1001821518.8126091,
        "time": 0.032021522521972656,
        "optimal_cost": 1001819124.8225763,
        "optimal_solution": [
            3,
            [
                [
                    1,
                    [
                        6,
                        [
                            2,
                            [
                                0,
                                [
                                    7,
                                    4
                                ]
                            ]
                        ]
                    ]
                ],
                5
            ]
        ],
        "found_optimal": true,
        "plans_are_equal": false,
        "greedy_cost": 1001882894.7687298,
        "greedy_solution": [
            3,
            [
                5,
                [
                    6,
                    [
                        2,
                        [
                            1,
                            [
                                0,
                                [
                                    4,
                                    7
                                ]
                            ]
                        ]
                    ]
                ]
            ]
        ]
    }
}