{
    "Graph with 14 nodes and 13 edges": {
        "solution": {
            "(10, 11, 0)": 1,
            "(11, 12, 1)": 1,
            "(7, 8, 4)": 1,
            "(6, 7, 5)": 1,
            "(5, 6, 6)": 1,
            "(4, 5, 7)": 1,
            "(9, 10, 2)": 1,
            "(3, 4, 8)": 1,
            "(2, 3, 9)": 1,
            "(1, 2, 10)": 1,
            "(0, 1, 11)": 1,
            "(12, 13, 12)": 1,
            "(8, 9, 3)": 1
        },
        "join": [
            13,
            [
                0,
                [
                    1,
                    [
                        2,
                        [
                            3,
                            [
                                4,
                                [
                                    5,
                                    [
                                        6,
                                        [
                                            7,
                                            [
                                                8,
                                                [
                                                    9,
                                                    [
                                                        12,
                                                        [
                                                            10,
                                                            11
                                                        ]
                                                    ]
                                                ]
                                            ]
                                        ]
                                    ]
                                ]
                            ]
                        ]
                    ]
                ]
            ]
        ],
        "cost": 355890938777.739,
        "time": 0.4120004177093506,
        "optimal_cost": null,
        "optimal_solution": null,
        "found_optimal": null,
        "plans_are_equal": false,
        "greedy_cost": 291851448221.38885,
        "greedy_solution": [
            6,
            [
                5,
                [
                    3,
                    [
                        4,
                        [
                            2,
                            [
                                1,
                                [
                                    0,
                                    [
                                        7,
                                        [
                                            8,
                                            [
                                                13,
                                                [
                                                    12,
                                                    [
                                                        9,
                                                        [
                                                            10,
                                                            11
                                                        ]
                                                    ]
                                                ]
                                            ]
                                        ]
                                    ]
                                ]
                            ]
                        ]
                    ]
                ]
            ]
        ]
    }
}