{
    "Graph with 5 nodes and 4 edges": {
        "solution": {
            "(1, 2, 0)": 1,
            "(3, 4, 3)": 1,
            "(2, 3, 2)": 1,
            "(0, 1, 1)": 1
        },
        "join": [
            4,
            [
                3,
                [
                    0,
                    [
                        1,
                        2
                    ]
                ]
            ]
        ],
        "cost": 255582.59572696043,
        "time": 0.032999277114868164,
        "optimal_cost": 249488.05191703237,
        "optimal_solution": [
            [
                4,
                [
                    2,
                    [
                        1,
                        0
                    ]
                ]
            ],
            3
        ],
        "found_optimal": false,
        "plans_are_equal": false,
        "greedy_cost": 249488.0519170324,
        "greedy_solution": [
            3,
            [
                4,
                [
                    2,
                    [
                        0,
                        1
                    ]
                ]
            ]
        ]
    }
}