{
    "Graph with 13 nodes and 12 edges": {
        "solution": {
            "(7, 12, 2)": 1,
            "(7, 8, 1)": 1,
            "(8, 9, 0)": 1,
            "(1, 6, 6)": 1,
            "(4, 7, 7)": 1,
            "(0, 4, 8)": 1,
            "(0, 5, 9)": 1,
            "(6, 12, 3)": 1,
            "(3, 6, 4)": 1,
            "(2, 12, 5)": 1,
            "(4, 11, 10)": 1,
            "(6, 10, 11)": 1
        },
        "join": [
            10,
            [
                11,
                [
                    5,
                    [
                        0,
                        [
                            4,
                            [
                                1,
                                [
                                    2,
                                    [
                                        3,
                                        [
                                            6,
                                            [
                                                12,
                                                [
                                                    7,
                                                    [
                                                        8,
                                                        9
                                                    ]
                                                ]
                                            ]
                                        ]
                                    ]
                                ]
                            ]
                        ]
                    ]
                ]
            ]
        ],
        "cost": 150189733327.21805,
        "time": 0.03401470184326172,
        "optimal_cost": 150187318108.44742,
        "optimal_solution": [
            10,
            [
                11,
                [
                    5,
                    [
                        [
                            2,
                            [
                                4,
                                [
                                    0,
                                    [
                                        3,
                                        [
                                            6,
                                            [
                                                12,
                                                [
                                                    [
                                                        9,
                                                        8
                                                    ],
                                                    7
                                                ]
                                            ]
                                        ]
                                    ]
                                ]
                            ]
                        ],
                        1
                    ]
                ]
            ]
        ],
        "found_optimal": false,
        "plans_are_equal": false,
        "greedy_cost": 150187325775.04144,
        "greedy_solution": [
            10,
            [
                11,
                [
                    5,
                    [
                        1,
                        [
                            2,
                            [
                                3,
                                [
                                    6,
                                    [
                                        12,
                                        [
                                            7,
                                            [
                                                4,
                                                [
                                                    0,
                                                    [
                                                        8,
                                                        9
                                                    ]
                                                ]
                                            ]
                                        ]
                                    ]
                                ]
                            ]
                        ]
                    ]
                ]
            ]
        ]
    }
}