{
    "Graph with 10 nodes and 9 edges": {
        "solution": {
            "(0, 7, 2)": 1,
            "(0, 9, 1)": 1,
            "(0, 2, 3)": 1,
            "(0, 1, 4)": 1,
            "(0, 5, 5)": 1,
            "(0, 4, 0)": 1,
            "(0, 6, 6)": 1,
            "(0, 8, 7)": 1,
            "(0, 3, 8)": 1
        },
        "join": [
            3,
            [
                8,
                [
                    6,
                    [
                        5,
                        [
                            1,
                            [
                                2,
                                [
                                    7,
                                    [
                                        9,
                                        [
                                            0,
                                            4
                                        ]
                                    ]
                                ]
                            ]
                        ]
                    ]
                ]
            ]
        ],
        "cost": 29047381047.160267,
        "time": 0.013002395629882812,
        "optimal_cost": 29047381047.16026,
        "optimal_solution": [
            [
                [
                    6,
                    [
                        5,
                        [
                            1,
                            [
                                [
                                    7,
                                    [
                                        9,
                                        [
                                            4,
                                            0
                                        ]
                                    ]
                                ],
                                2
                            ]
                        ]
                    ]
                ],
                8
            ],
            3
        ],
        "found_optimal": true,
        "plans_are_equal": true,
        "greedy_cost": 29047381047.160267,
        "greedy_solution": [
            3,
            [
                8,
                [
                    6,
                    [
                        5,
                        [
                            1,
                            [
                                2,
                                [
                                    7,
                                    [
                                        9,
                                        [
                                            0,
                                            4
                                        ]
                                    ]
                                ]
                            ]
                        ]
                    ]
                ]
            ]
        ]
    }
}