{
    "Graph with 5 nodes and 10 edges": {
        "solution": {
            "(1, 4, 0)": 1,
            "(0, 1, 2)": 1,
            "(1, 3, 1)": 1,
            "(0, 2, 3)": 1
        },
        "join": [
            2,
            [
                0,
                [
                    3,
                    [
                        1,
                        4
                    ]
                ]
            ]
        ],
        "cost": 1618.969673599986,
        "time": 0.0633852481842041,
        "optimal_cost": 1589.0642442965946,
        "optimal_solution": [
            2,
            [
                3,
                [
                    0,
                    [
                        4,
                        1
                    ]
                ]
            ]
        ],
        "found_optimal": false,
        "plans_are_equal": false,
        "greedy_cost": 1589.0642442965948,
        "greedy_solution": [
            2,
            [
                3,
                [
                    0,
                    [
                        1,
                        4
                    ]
                ]
            ]
        ]
    }
}