{
    "Graph with 13 nodes and 12 edges": {
        "solution": {
            "(6, 7, 5)": 1,
            "(11, 12, 0)": 1,
            "(10, 11, 1)": 1,
            "(9, 10, 2)": 1,
            "(8, 9, 3)": 1,
            "(7, 8, 4)": 1,
            "(5, 6, 6)": 1,
            "(4, 5, 7)": 1,
            "(3, 4, 8)": 1,
            "(2, 3, 9)": 1,
            "(1, 2, 10)": 1,
            "(0, 1, 11)": 1
        },
        "join": [
            0,
            [
                1,
                [
                    2,
                    [
                        3,
                        [
                            4,
                            [
                                5,
                                [
                                    6,
                                    [
                                        7,
                                        [
                                            8,
                                            [
                                                9,
                                                [
                                                    10,
                                                    [
                                                        11,
                                                        12
                                                    ]
                                                ]
                                            ]
                                        ]
                                    ]
                                ]
                            ]
                        ]
                    ]
                ]
            ]
        ],
        "cost": 179559986596.15802,
        "time": 0.22751808166503906,
        "optimal_cost": null,
        "optimal_solution": null,
        "found_optimal": null,
        "plans_are_equal": false,
        "greedy_cost": 149348754542.6959,
        "greedy_solution": [
            7,
            [
                6,
                [
                    3,
                    [
                        5,
                        [
                            4,
                            [
                                2,
                                [
                                    1,
                                    [
                                        0,
                                        [
                                            8,
                                            [
                                                9,
                                                [
                                                    10,
                                                    [
                                                        11,
                                                        12
                                                    ]
                                                ]
                                            ]
                                        ]
                                    ]
                                ]
                            ]
                        ]
                    ]
                ]
            ]
        ]
    }
}