{
    "Graph with 12 nodes and 66 edges": {
        "solution": {
            "(5, 10, 1)": 1,
            "(0, 5, 2)": 1,
            "(0, 1, 3)": 1,
            "(5, 8, 0)": 1,
            "(0, 2, 4)": 1,
            "(0, 7, 5)": 1,
            "(0, 3, 6)": 1,
            "(0, 4, 8)": 1,
            "(0, 9, 7)": 1,
            "(0, 6, 9)": 1,
            "(4, 11, 10)": 1
        },
        "join": [
            11,
            [
                6,
                [
                    4,
                    [
                        9,
                        [
                            3,
                            [
                                7,
                                [
                                    2,
                                    [
                                        1,
                                        [
                                            0,
                                            [
                                                10,
                                                [
                                                    5,
                                                    8
                                                ]
                                            ]
                                        ]
                                    ]
                                ]
                            ]
                        ]
                    ]
                ]
            ]
        ],
        "cost": 7.360990794356143,
        "time": 0.045168399810791016,
        "optimal_cost": 7.360990794356143,
        "optimal_solution": [
            11,
            [
                6,
                [
                    4,
                    [
                        9,
                        [
                            3,
                            [
                                7,
                                [
                                    2,
                                    [
                                        1,
                                        [
                                            0,
                                            [
                                                10,
                                                [
                                                    8,
                                                    5
                                                ]
                                            ]
                                        ]
                                    ]
                                ]
                            ]
                        ]
                    ]
                ]
            ]
        ],
        "found_optimal": true,
        "plans_are_equal": true,
        "greedy_cost": 7.360990794356143,
        "greedy_solution": [
            11,
            [
                6,
                [
                    4,
                    [
                        9,
                        [
                            3,
                            [
                                7,
                                [
                                    2,
                                    [
                                        1,
                                        [
                                            0,
                                            [
                                                10,
                                                [
                                                    5,
                                                    8
                                                ]
                                            ]
                                        ]
                                    ]
                                ]
                            ]
                        ]
                    ]
                ]
            ]
        ]
    }
}