{
    "Graph with 16 nodes and 120 edges": {
        "solution": {
            "(0, 4, 3)": 1,
            "(0, 11, 2)": 1,
            "(0, 12, 4)": 1,
            "(0, 9, 5)": 1,
            "(0, 8, 6)": 1,
            "(0, 6, 7)": 1,
            "(0, 14, 8)": 1,
            "(0, 1, 9)": 1,
            "(0, 15, 10)": 1,
            "(0, 2, 11)": 1,
            "(0, 7, 12)": 1,
            "(0, 3, 13)": 1,
            "(0, 13, 0)": 1,
            "(0, 10, 1)": 1,
            "(5, 13, 14)": 1,
            "(5, 7, 14)": 1
        },
        "join": [
            5,
            [
                3,
                [
                    7,
                    [
                        2,
                        [
                            15,
                            [
                                1,
                                [
                                    14,
                                    [
                                        6,
                                        [
                                            8,
                                            [
                                                9,
                                                [
                                                    12,
                                                    [
                                                        4,
                                                        [
                                                            11,
                                                            [
                                                                10,
                                                                [
                                                                    0,
                                                                    13
                                                                ]
                                                            ]
                                                        ]
                                                    ]
                                                ]
                                            ]
                                        ]
                                    ]
                                ]
                            ]
                        ]
                    ]
                ]
            ]
        ],
        "cost": 26.298009986253803,
        "time": 7.411527395248413,
        "optimal_cost": null,
        "optimal_solution": null,
        "found_optimal": null,
        "plans_are_equal": false,
        "greedy_cost": 9.42598301862414,
        "greedy_solution": [
            15,
            [
                7,
                [
                    5,
                    [
                        3,
                        [
                            2,
                            [
                                1,
                                [
                                    14,
                                    [
                                        6,
                                        [
                                            8,
                                            [
                                                9,
                                                [
                                                    12,
                                                    [
                                                        4,
                                                        [
                                                            11,
                                                            [
                                                                13,
                                                                [
                                                                    0,
                                                                    10
                                                                ]
                                                            ]
                                                        ]
                                                    ]
                                                ]
                                            ]
                                        ]
                                    ]
                                ]
                            ]
                        ]
                    ]
                ]
            ]
        ]
    }
}