{
    "Graph with 8 nodes and 28 edges": {
        "solution": {
            "(1, 5, 2)": 1,
            "(1, 3, 3)": 1,
            "(1, 4, 4)": 1,
            "(0, 1, 5)": 1,
            "(1, 2, 1)": 1,
            "(1, 6, 0)": 1,
            "(5, 7, 6)": 1
        },
        "join": [
            7,
            [
                0,
                [
                    4,
                    [
                        3,
                        [
                            5,
                            [
                                2,
                                [
                                    1,
                                    6
                                ]
                            ]
                        ]
                    ]
                ]
            ]
        ],
        "cost": 75.2222083913751,
        "time": 4.346181392669678,
        "optimal_cost": 72.48298984564029,
        "optimal_solution": [
            7,
            [
                4,
                [
                    3,
                    [
                        0,
                        [
                            5,
                            [
                                2,
                                [
                                    6,
                                    1
                                ]
                            ]
                        ]
                    ]
                ]
            ]
        ],
        "found_optimal": false,
        "plans_are_equal": false,
        "greedy_cost": 72.48298984564029,
        "greedy_solution": [
            7,
            [
                4,
                [
                    3,
                    [
                        0,
                        [
                            5,
                            [
                                2,
                                [
                                    1,
                                    6
                                ]
                            ]
                        ]
                    ]
                ]
            ]
        ]
    }
}