{
    "Graph with 11 nodes and 55 edges": {
        "solution": {
            "(0, 3, 2)": 1,
            "(0, 1, 0)": 1,
            "(0, 2, 3)": 1,
            "(0, 4, 1)": 1,
            "(0, 7, 4)": 1,
            "(0, 5, 5)": 1,
            "(0, 6, 7)": 1,
            "(0, 9, 8)": 1,
            "(0, 10, 6)": 1,
            "(0, 8, 9)": 1
        },
        "join": [
            8,
            [
                9,
                [
                    6,
                    [
                        10,
                        [
                            5,
                            [
                                7,
                                [
                                    2,
                                    [
                                        3,
                                        [
                                            4,
                                            [
                                                0,
                                                1
                                            ]
                                        ]
                                    ]
                                ]
                            ]
                        ]
                    ]
                ]
            ]
        ],
        "cost": 6.10903629811215,
        "time": 0.028959989547729492,
        "optimal_cost": 6.10903629811215,
        "optimal_solution": [
            8,
            [
                9,
                [
                    6,
                    [
                        10,
                        [
                            5,
                            [
                                7,
                                [
                                    2,
                                    [
                                        3,
                                        [
                                            4,
                                            [
                                                1,
                                                0
                                            ]
                                        ]
                                    ]
                                ]
                            ]
                        ]
                    ]
                ]
            ]
        ],
        "found_optimal": true,
        "plans_are_equal": true,
        "greedy_cost": 6.10903629811215,
        "greedy_solution": [
            8,
            [
                9,
                [
                    6,
                    [
                        10,
                        [
                            5,
                            [
                                7,
                                [
                                    2,
                                    [
                                        3,
                                        [
                                            4,
                                            [
                                                0,
                                                1
                                            ]
                                        ]
                                    ]
                                ]
                            ]
                        ]
                    ]
                ]
            ]
        ]
    }
}