{
    "Graph with 7 nodes and 6 edges": {
        "solution": {
            "(2, 3, 4)": 1,
            "(0, 3, 3)": 1,
            "(3, 5, 5)": 1,
            "(0, 6, 1)": 1,
            "(1, 6, 2)": 1,
            "(4, 6, 0)": 1
        },
        "join": [
            5,
            [
                2,
                [
                    3,
                    [
                        1,
                        [
                            0,
                            [
                                4,
                                6
                            ]
                        ]
                    ]
                ]
            ]
        ],
        "cost": 44191065.606528,
        "time": 0.03800058364868164,
        "optimal_cost": 44027479.414162934,
        "optimal_solution": [
            5,
            [
                3,
                [
                    2,
                    [
                        [
                            0,
                            [
                                6,
                                4
                            ]
                        ],
                        1
                    ]
                ]
            ]
        ],
        "found_optimal": false,
        "plans_are_equal": false,
        "greedy_cost": 44027479.41416294,
        "greedy_solution": [
            5,
            [
                3,
                [
                    2,
                    [
                        1,
                        [
                            0,
                            [
                                4,
                                6
                            ]
                        ]
                    ]
                ]
            ]
        ]
    }
}