{
    "Graph with 5 nodes and 4 edges": {
        "solution": {
            "(0, 4, 2)": 1,
            "(2, 3, 3)": 1,
            "(0, 3, 0)": 1,
            "(1, 3, 1)": 1
        },
        "join": [
            2,
            [
                4,
                [
                    1,
                    [
                        0,
                        3
                    ]
                ]
            ]
        ],
        "cost": 263177.6458959237,
        "time": 0.02359294891357422,
        "optimal_cost": 262946.2955247973,
        "optimal_solution": [
            2,
            [
                [
                    1,
                    [
                        0,
                        4
                    ]
                ],
                3
            ]
        ],
        "found_optimal": false,
        "plans_are_equal": false,
        "greedy_cost": 262946.29552479734,
        "greedy_solution": [
            2,
            [
                3,
                [
                    1,
                    [
                        0,
                        4
                    ]
                ]
            ]
        ]
    }
}