{
    "Graph with 11 nodes and 10 edges": {
        "solution": {
            "(0, 6, 1)": 1,
            "(0, 1, 0)": 1,
            "(0, 10, 2)": 1,
            "(0, 4, 4)": 1,
            "(0, 2, 3)": 1,
            "(0, 3, 5)": 1,
            "(0, 5, 6)": 1,
            "(0, 9, 7)": 1,
            "(0, 8, 8)": 1,
            "(0, 7, 9)": 1
        },
        "join": [
            7,
            [
                8,
                [
                    9,
                    [
                        5,
                        [
                            3,
                            [
                                4,
                                [
                                    2,
                                    [
                                        10,
                                        [
                                            6,
                                            [
                                                0,
                                                1
                                            ]
                                        ]
                                    ]
                                ]
                            ]
                        ]
                    ]
                ]
            ]
        ],
        "cost": 11754905079.521446,
        "time": 0.014996767044067383,
        "optimal_cost": 11754905079.521442,
        "optimal_solution": [
            7,
            [
                8,
                [
                    9,
                    [
                        5,
                        [
                            3,
                            [
                                [
                                    2,
                                    [
                                        10,
                                        [
                                            6,
                                            [
                                                1,
                                                0
                                            ]
                                        ]
                                    ]
                                ],
                                4
                            ]
                        ]
                    ]
                ]
            ]
        ],
        "found_optimal": true,
        "plans_are_equal": true,
        "greedy_cost": 11754905079.521446,
        "greedy_solution": [
            7,
            [
                8,
                [
                    9,
                    [
                        5,
                        [
                            3,
                            [
                                4,
                                [
                                    2,
                                    [
                                        10,
                                        [
                                            6,
                                            [
                                                0,
                                                1
                                            ]
                                        ]
                                    ]
                                ]
                            ]
                        ]
                    ]
                ]
            ]
        ]
    }
}