{
    "Graph with 14 nodes and 13 edges": {
        "solution": [
            {
                "(5, 6, 2)": 1,
                "(6, 12, 1)": 1,
                "(6, 7, 3)": 1,
                "(2, 6, 0)": 1,
                "(7, 8, 4)": 1,
                "(8, 10, 5)": 1,
                "(4, 12, 6)": 1,
                "(0, 4, 7)": 1,
                "(0, 9, 8)": 1,
                "(4, 13, 9)": 1,
                "(1, 13, 10)": 1,
                "(11, 13, 11)": 1,
                "(3, 12, 12)": 1
            }
        ],
        "join": [
            3,
            [
                11,
                [
                    1,
                    [
                        13,
                        [
                            9,
                            [
                                0,
                                [
                                    4,
                                    [
                                        10,
                                        [
                                            8,
                                            [
                                                7,
                                                [
                                                    5,
                                                    [
                                                        12,
                                                        [
                                                            2,
                                                            6
                                                        ]
                                                    ]
                                                ]
                                            ]
                                        ]
                                    ]
                                ]
                            ]
                        ]
                    ]
                ]
            ]
        ],
        "cost": 7.53351059672218e+16,
        "energy": -538.7772228770558,
        "estimation_size": 20,
        "dynamic_programming_cost": 7.465741632472402e+16,
        "dynamic_programming_solution": [
            3,
            [
                11,
                [
                    4,
                    [
                        [
                            1,
                            [
                                13,
                                [
                                    5,
                                    [
                                        9,
                                        [
                                            0,
                                            [
                                                12,
                                                [
                                                    2,
                                                    [
                                                        6,
                                                        [
                                                            8,
                                                            7
                                                        ]
                                                    ]
                                                ]
                                            ]
                                        ]
                                    ]
                                ]
                            ]
                        ],
                        10
                    ]
                ]
            ]
        ],
        "graph_aware_dynamic_programming_cost": 7.466034234883763e+16,
        "graph_aware_dynamic_programming_solution": [
            3,
            [
                11,
                [
                    10,
                    [
                        1,
                        [
                            [
                                5,
                                [
                                    9,
                                    [
                                        [
                                            4,
                                            [
                                                12,
                                                [
                                                    2,
                                                    [
                                                        6,
                                                        [
                                                            8,
                                                            7
                                                        ]
                                                    ]
                                                ]
                                            ]
                                        ],
                                        0
                                    ]
                                ]
                            ],
                            13
                        ]
                    ]
                ]
            ]
        ],
        "greedy_cost": 7.468991842231243e+16,
        "greedy_solution": [
            3,
            [
                11,
                [
                    1,
                    [
                        13,
                        [
                            10,
                            [
                                8,
                                [
                                    7,
                                    [
                                        4,
                                        [
                                            9,
                                            [
                                                0,
                                                [
                                                    5,
                                                    [
                                                        12,
                                                        [
                                                            2,
                                                            6
                                                        ]
                                                    ]
                                                ]
                                            ]
                                        ]
                                    ]
                                ]
                            ]
                        ]
                    ]
                ]
            ]
        ],
        "graph_aware_greedy_cost": 7.53351059672218e+16,