{
    "Graph with 12 nodes and 11 edges": {
        "solution": [
            {
                "(0, 1, 9)": 1,
                "(1, 2, 8)": 1,
                "(2, 3, 7)": 1,
                "(3, 4, 6)": 1,
                "(4, 5, 5)": 1,
                "(5, 6, 4)": 1,
                "(6, 7, 3)": 1,
                "(7, 8, 2)": 1,
                "(8, 9, 1)": 1,
                "(9, 10, 0)": 1,
                "(10, 11, 10)": 1
            }
        ],
        "join": [
            11,
            [
                0,
                [
                    1,
                    [
                        2,
                        [
                            3,
                            [
                                4,
                                [
                                    5,
                                    [
                                        6,
                                        [
                                            7,
                                            [
                                                8,
                                                [
                                                    9,
                                                    10
                                                ]
                                            ]
                                        ]
                                    ]
                                ]
                            ]
                        ]
                    ]
                ]
            ]
        ],
        "cost": 6661313148705330.0,
        "energy": -458.0692569609096,
        "estimation_size": 20,
        "time": 0.051985979080200195,
        "dynamic_programming_cost": 6560107765784666.0,
        "dynamic_programming_solution": [
            11,
            [
                7,
                [
                    [
                        0,
                        [
                            1,
                            [
                                4,
                                [
                                    [
                                        2,
                                        [
                                            [
                                                5,
                                                [
                                                    10,
                                                    9
                                                ]
                                            ],
                                            6
                                        ]
                                    ],
                                    3
                                ]
                            ]
                        ]
                    ],
                    8
                ]
            ]
        ],
        "graph_aware_dynamic_programming_cost": 6657054209186280.0,
        "graph_aware_dynamic_programming_solution": [
            11,
            [
                0,
                [
                    1,
                    [
                        2,
                        [
                            [
                                4,
                                [
                                    5,
                                    [
                                        6,
                                        [
                                            [
                                                8,
                                                [
                                                    10,
                                                    9
                                                ]
                                            ],
                                            7
                                        ]
                                    ]
                                ]
                            ],
                            3
                        ]
                    ]
                ]
            ]
        ],
        "greedy_cost": 6560404014099981.0,
        "greedy_solution": [
            11,
            [
                7,
                [
                    8,
                    [
                        6,
                        [
                            5,
                            [
                                4,
                                [
                                    3,
                                    [
                                        2,
                                        [
                                            1,
                                            [
                                                0,
                                                [
                                                    9,
                                                    10
                                                ]
                                            ]
                                        ]
                                    ]
                                ]
                            ]
                        ]
                    ]
                ]
            ]
        ],
        "graph_aware_greedy_cost": 6661313148705330.0,
        "graph_aware_greedy_solution": [
            11,
            [
                0,
                [
                    1,
                    [
                        2,
                        [
                            3,
                            [
                                4,
                                [
                                    5,
                                    [
                                        6,
                                        [
                                            7,
                                            [
                                                8,
                                                [
                                                    9,
                                                    10
                                                ]
                                            ]
                                        ]
                                    ]
                                ]
                            ]
                        ]
                    ]
                ]
            ]
        ],
        "found_optimal": 2,
        "plans_are_equal": 0
    }
}