{
    "Graph with 13 nodes and 12 edges": {
        "solution": [
            {
                "(0, 1, 11)": 1,
                "(1, 2, 10)": 1,
                "(2, 3, 9)": 1,
                "(3, 4, 8)": 1,
                "(4, 5, 7)": 1,
                "(5, 6, 6)": 1,
                "(6, 7, 5)": 1,
                "(7, 8, 4)": 1,
                "(8, 9, 3)": 1,
                "(9, 10, 2)": 1,
                "(10, 11, 1)": 1,
                "(11, 12, 0)": 1
            }
        ],
        "join": [
            0,
            [
                1,
                [
                    2,
                    [
                        3,
                        [
                            4,
                            [
                                5,
                                [
                                    6,
                                    [
                                        7,
                                        [
                                            8,
                                            [
                                                9,
                                                [
                                                    10,
                                                    [
                                                        11,
                                                        12
                                                    ]
                                                ]
                                            ]
                                        ]
                                    ]
                                ]
                            ]
                        ]
                    ]
                ]
            ]
        ],
        "cost": 2.5836170068553116e+16,
        "energy": -498.0669233226089,
        "estimation_size": 20,
        "time": 0.09199690818786621,
        "dynamic_programming_cost": 2.5714643135694292e+16,
        "dynamic_programming_solution": [
            7,
            [
                6,
                [
                    3,
                    [
                        0,
                        [
                            8,
                            [
                                9,
                                [
                                    10,
                                    [
                                        2,
                                        [
                                            1,
                                            [
                                                5,
                                                [
                                                    4,
                                                    [
                                                        12,
                                                        11
                                                    ]
                                                ]
                                            ]
                                        ]
                                    ]
                                ]
                            ]
                        ]
                    ]
                ]
            ]
        ],
        "graph_aware_dynamic_programming_cost": 2.578942490110431e+16,
        "graph_aware_dynamic_programming_solution": [
            0,
            [
                1,
                [
                    2,
                    [
                        3,
                        [
                            4,
                            [
                                5,
                                [
                                    6,
                                    [
                                        7,
                                        [
                                            8,
                                            [
                                                9,
                                                [
                                                    10,
                                                    [
                                                        12,
                                                        11
                                                    ]
                                                ]
                                            ]
                                        ]
                                    ]
                                ]
                            ]
                        ]
                    ]
                ]
            ]
        ],
        "greedy_cost": 2.641525695346699e+16,
        "greedy_solution": [
            7,
            [
                6,
                [
                    3,
                    [
                        5,
                        [
                            4,
                            [
                                2,
                                [
                                    1,
                                    [
                                        0,
                                        [
                                            8,
                                            [
                                                9,
                                                [
                                                    10,
                                                    [
                                                        11,
                                                        12
                                                    ]
                                                ]
                                            ]
                                        ]
                                    ]
                                ]
                            ]
                        ]
                    ]
                ]
            ]
        ],
        "graph_aware_greedy_cost": 2.5836170068553116e+16,
        "graph_aware_greedy_solution": [
            0,
            [
                1,
                [
                    2,
                    [
                        3,
                        [
                            4,
                            [
                                5,
                                [
                                    6,
                                    [
                                        7,
                                        [
                                            8,
                                            [
                                                9,
                                                [
                                                    10,
                                                    [
                                                        11,
                                                        12
                                                    ]
                                                ]
                                            ]
                                        ]
                                    ]
                                ]
                            ]
                        ]
                    ]
                ]
            ]
        ],
        "found_optimal": 2,
        "plans_are_equal": 0
    }
}