{
    "Graph with 10 nodes and 9 edges": {
        "solution": [
            {
                "(0, 1, 0)": 1,
                "(1, 2, 1)": 1,
                "(2, 3, 2)": 1,
                "(3, 4, 3)": 1,
                "(4, 5, 4)": 1,
                "(5, 6, 5)": 1,
                "(6, 7, 6)": 1,
                "(7, 8, 7)": 1,
                "(8, 9, 8)": 1
            }
        ],
        "join": [
            9,
            [
                8,
                [
                    7,
                    [
                        6,
                        [
                            5,
                            [
                                4,
                                [
                                    3,
                                    [
                                        2,
                                        [
                                            0,
                                            1
                                        ]
                                    ]
                                ]
                            ]
                        ]
                    ]
                ]
            ]
        ],
        "cost": 26622597766569.074,
        "energy": -377.673740314574,
        "estimation_size": 20,
        "time": 0.02097034454345703,
        "dynamic_programming_cost": 26510741369405.477,
        "dynamic_programming_solution": [
            0,
            [
                1,
                [
                    5,
                    [
                        8,
                        [
                            9,
                            [
                                7,
                                [
                                    6,
                                    [
                                        2,
                                        [
                                            4,
                                            3
                                        ]
                                    ]
                                ]
                            ]
                        ]
                    ]
                ]
            ]
        ],
        "graph_aware_dynamic_programming_cost": 26595825245550.3,
        "graph_aware_dynamic_programming_solution": [
            0,
            [
                [
                    2,
                    [
                        3,
                        [
                            4,
                            [
                                5,
                                [
                                    9,
                                    [
                                        8,
                                        [
                                            7,
                                            6
                                        ]
                                    ]
                                ]
                            ]
                        ]
                    ]
                ],
                1
            ]
        ],
        "greedy_cost": 26680626776374.344,
        "greedy_solution": [
            7,
            [
                6,
                [
                    5,
                    [
                        3,
                        [
                            4,
                            [
                                8,
                                [
                                    9,
                                    [
                                        2,
                                        [
                                            0,
                                            1
                                        ]
                                    ]
                                ]
                            ]
                        ]
                    ]
                ]
            ]
        ],
        "graph_aware_greedy_cost": 26622597766569.074,
        "graph_aware_greedy_solution": [
            9,
            [
                8,
                [
                    7,
                    [
                        6,
                        [
                            5,
                            [
                                4,
                                [
                                    3,
                                    [
                                        2,
                                        [
                                            0,
                                            1
                                        ]
                                    ]
                                ]
                            ]
                        ]
                    ]
                ]
            ]
        ],
        "found_optimal": 3,
        "plans_are_equal": 1
    }
}