{
    "Graph with 9 nodes and 8 edges": {
        "solution": [
            {
                "(0, 1, 1)": 1,
                "(1, 2, 0)": 1,
                "(2, 3, 2)": 1,
                "(3, 4, 3)": 1,
                "(4, 5, 4)": 1,
                "(5, 6, 5)": 1,
                "(6, 7, 6)": 1,
                "(7, 8, 7)": 1
            }
        ],
        "join": [
            8,
            [
                7,
                [
                    6,
                    [
                        5,
                        [
                            4,
                            [
                                3,
                                [
                                    0,
                                    [
                                        1,
                                        2
                                    ]
                                ]
                            ]
                        ]
                    ]
                ]
            ]
        ],
        "cost": 1014705319141.2843,
        "energy": -338.8511952148407,
        "estimation_size": 40,
        "time": 106.7954273223877,
        "dynamic_programming_cost": 1002960594794.6146,
        "dynamic_programming_solution": [
            [
                3,
                [
                    [
                        5,
                        [
                            7,
                            [
                                6,
                                [
                                    0,
                                    [
                                        2,
                                        1
                                    ]
                                ]
                            ]
                        ]
                    ],
                    4
                ]
            ],
            8
        ],
        "graph_aware_dynamic_programming_cost": 1014704062816.9873,
        "graph_aware_dynamic_programming_solution": [
            [
                7,
                [
                    6,
                    [
                        5,
                        [
                            4,
                            [
                                [
                                    0,
                                    [
                                        2,
                                        1
                                    ]
                                ],
                                3
                            ]
                        ]
                    ]
                ]
            ],
            8
        ],
        "greedy_cost": 1005423586741.4929,
        "greedy_solution": [
            8,
            [
                7,
                [
                    6,
                    [
                        5,
                        [
                            3,
                            [
                                4,
                                [
                                    0,
                                    [
                                        1,
                                        2
                                    ]
                                ]
                            ]
                        ]
                    ]
                ]
            ]
        ],
        "graph_aware_greedy_cost": 1016922786168.5652,
        "graph_aware_greedy_solution": [
            8,
            [
                7,
                [
                    6,
                    [
                        5,
                        [
                            4,
                            [
                                3,
                                [
                                    0,
                                    [
                                        1,
                                        2
                                    ]
                                ]
                            ]
                        ]
                    ]
                ]
            ]
        ],
        "found_optimal": 3,
        "plans_are_equal": 1
    }
}