{
    "Graph with 11 nodes and 10 edges": {
        "solution": [
            {
                "(0, 1, 0)": 1,
                "(1, 2, 1)": 1,
                "(2, 3, 2)": 1,
                "(3, 4, 3)": 1,
                "(4, 5, 4)": 1,
                "(5, 6, 5)": 1,
                "(6, 7, 6)": 1,
                "(7, 8, 7)": 1,
                "(8, 9, 8)": 1,
                "(9, 10, 9)": 1
            }
        ],
        "join": [
            10,
            [
                9,
                [
                    8,
                    [
                        7,
                        [
                            6,
                            [
                                5,
                                [
                                    4,
                                    [
                                        3,
                                        [
                                            2,
                                            [
                                                0,
                                                1
                                            ]
                                        ]
                                    ]
                                ]
                            ]
                        ]
                    ]
                ]
            ]
        ],
        "cost": 109431699513650.47,
        "energy": -417.0197092649373,
        "estimation_size": 20,
        "time": 0.027983665466308594,
        "dynamic_programming_cost": 109007118462683.31,
        "dynamic_programming_solution": [
            7,
            [
                8,
                [
                    10,
                    [
                        9,
                        [
                            3,
                            [
                                4,
                                [
                                    2,
                                    [
                                        6,
                                        [
                                            5,
                                            [
                                                1,
                                                0
                                            ]
                                        ]
                                    ]
                                ]
                            ]
                        ]
                    ]
                ]
            ]
        ],
        "graph_aware_dynamic_programming_cost": 109227291633283.31,
        "graph_aware_dynamic_programming_solution": [
            10,
            [
                9,
                [
                    8,
                    [
                        7,
                        [
                            6,
                            [
                                5,
                                [
                                    [
                                        3,
                                        [
                                            2,
                                            [
                                                1,
                                                0
                                            ]
                                        ]
                                    ],
                                    4
                                ]
                            ]
                        ]
                    ]
                ]
            ]
        ],
        "greedy_cost": 109134706493053.27,
        "greedy_solution": [
            7,
            [
                8,
                [
                    10,
                    [
                        9,
                        [
                            6,
                            [
                                5,
                                [
                                    4,
                                    [
                                        3,
                                        [
                                            2,
                                            [
                                                0,
                                                1
                                            ]
                                        ]
                                    ]
                                ]
                            ]
                        ]
                    ]
                ]
            ]
        ],
        "graph_aware_greedy_cost": 109431699513650.47,
        "graph_aware_greedy_solution": [
            10,
            [
                9,
                [
                    8,
                    [
                        7,
                        [
                            6,
                            [
                                5,
                                [
                                    4,
                                    [
                                        3,
                                        [
                                            2,
                                            [
                                                0,
                                                1
                                            ]
                                        ]
                                    ]
                                ]
                            ]
                        ]
                    ]
                ]
            ]
        ],
        "found_optimal": 0,
        "plans_are_equal": 0
    }
}