{
    "Graph with 7 nodes and 6 edges": {
        "solution": [
            {
                "(5, 6, 5)": 1,
                "(0, 1, 5)": 1,
                "(1, 2, 4)": 1,
                "(2, 3, 1)": 1,
                "(5, 6, 4)": 1,
                "(0, 1, 4)": 1,
                "(2, 3, 2)": 1,
                "(3, 4, 3)": 1,
                "(5, 6, 3)": 1,
                "(0, 1, 3)": 1,
                "(4, 5, 2)": 1,
                "(1, 2, 1)": 1,
                "(1, 2, 0)": 1,
                "(0, 1, 2)": 1,
                "(5, 6, 0)": 1,
                "(5, 6, 1)": 1,
                "(0, 1, 0)": 1
            }
        ],
        "join": [
            4,
            [
                3,
                [
                    0,
                    [
                        [
                            5,
                            6
                        ],
                        [
                            1,
                            2
                        ]
                    ]
                ]
            ]
        ],
        "cost": 3159019917.1819305,
        "energy": 3293.8332023029043,
        "estimation_size": 38,
        "dynamic_programming_cost": 2959537712.104737,
        "dynamic_programming_solution": [
            3,
            [
                4,
                [
                    [
                        1,
                        [
                            0,
                            [
                                6,
                                5
                            ]
                        ]
                    ],
                    2
                ]
            ]
        ],
        "graph_aware_dynamic_programming_cost": 2972295077.527944,
        "graph_aware_dynamic_programming_solution": [
            0,
            [
                1,
                [
                    2,
                    [
                        3,
                        [
                            [
                                6,
                                5
                            ],
                            4
                        ]
                    ]
                ]
            ]
        ],
        "greedy_cost": 72,
        "greedy_solution": 62,
        "graph_aware_greedy_cost": 2972840304.387249,
        "graph_aware_greedy_solution": [
            6,
            [
                5,
                [
                    4,
                    [
                        3,
                        [
                            2,
                            [
                                0,
                                1
                            ]
                        ]
                    ]
                ]
            ]
        ],
        "found_optimal": 0,
        "plans_are_equal": 0
    }
}