{
    "Graph with 8 nodes and 7 edges": {
        "solution": [
            {
                "(0, 1, 5)": 1,
                "(0, 1, 6)": 1,
                "(0, 2, 1)": 1,
                "(0, 2, 2)": 1,
                "(0, 2, 3)": 1,
                "(0, 2, 4)": 1,
                "(0, 2, 5)": 1,
                "(0, 2, 6)": 1,
                "(0, 3, 0)": 1,
                "(0, 3, 1)": 1,
                "(0, 3, 2)": 1,
                "(0, 3, 3)": 1,
                "(0, 3, 4)": 1,
                "(0, 3, 5)": 1,
                "(0, 3, 6)": 1,
                "(0, 4, 2)": 1,
                "(0, 4, 3)": 1,
                "(0, 4, 4)": 1,
                "(0, 4, 5)": 1,
                "(0, 4, 6)": 1,
                "(0, 5, 3)": 1,
                "(0, 5, 4)": 1,
                "(0, 5, 5)": 1,
                "(0, 5, 6)": 1,
                "(0, 6, 4)": 1,
                "(0, 6, 5)": 1,
                "(0, 6, 6)": 1,
                "(0, 7, 5)": 1,
                "(0, 7, 6)": 1
            }
        ],
        "join": [
            7,
            [
                1,
                [
                    6,
                    [
                        5,
                        [
                            4,
                            [
                                2,
                                [
                                    0,
                                    3
                                ]
                            ]
                        ]
                    ]
                ]
            ]
        ],
        "cost": 134093305285.37868,
        "time": 4833.4528901577,
        "estimation_size": 20,
        "optimal_cost": 127126876373.0296,
        "optimal_solution": [
            3,
            [
                [
                    [
                        2,
                        [
                            4,
                            [
                                1,
                                [
                                    5,
                                    0
                                ]
                            ]
                        ]
                    ],
                    6
                ],
                7
            ]
        ],
        "graph_aware_dynamic_programming_cost": 127126876373.0296,
        "graph_aware_dynamic_programming_solution": [
            3,
            [
                [
                    [
                        2,
                        [
                            4,
                            [
                                1,
                                [
                                    5,
                                    0
                                ]
                            ]
                        ]
                    ],
                    6
                ],
                7
            ]
        ],
        "greedy_cost": 127126876373.02965,
        "greedy_solution": [
            3,
            [
                7,
                [
                    6,
                    [
                        2,
                        [
                            4,
                            [
                                1,
                                [
                                    0,
                                    5
                                ]
                            ]
                        ]
                    ]
                ]
            ]
        ],
        "graph_aware_greedy_cost": 127126876373.02965,
        "graph_aware_greedy_solution": [
            3,
            [
                7,
                [
                    6,
                    [
                        2,
                        [
                            4,
                            [
                                1,
                                [
                                    0,
                                    5
                                ]
                            ]
                        ]
                    ]
                ]
            ]
        ],
        "found_optimal": 0,
        "plans_are_equal": 0
    }
}