{
    "Graph with 7 nodes and 6 edges": {
        "solution": [
            {
                "(0, 1, 1)": 1,
                "(0, 1, 2)": 1,
                "(0, 1, 3)": 1,
                "(0, 1, 4)": 1,
                "(0, 1, 5)": 1,
                "(0, 2, 4)": 1,
                "(0, 2, 5)": 1,
                "(0, 3, 5)": 1,
                "(0, 4, 2)": 1,
                "(0, 4, 3)": 1,
                "(0, 4, 4)": 1,
                "(0, 4, 5)": 1,
                "(0, 5, 3)": 1,
                "(0, 5, 4)": 1,
                "(0, 5, 5)": 1,
                "(0, 6, 0)": 1,
                "(0, 6, 1)": 1,
                "(0, 6, 2)": 1,
                "(0, 6, 3)": 1,
                "(0, 6, 4)": 1,
                "(0, 6, 5)": 1
            }
        ],
        "join": [
            3,
            [
                2,
                [
                    5,
                    [
                        4,
                        [
                            1,
                            [
                                0,
                                6
                            ]
                        ]
                    ]
                ]
            ]
        ],
        "cost": 2947399307.073171,
        "time": 4905.706924438477,
        "estimation_size": 20,
        "optimal_cost": 2947063399.194052,
        "optimal_solution": [
            [
                5,
                [
                    4,
                    [
                        2,
                        [
                            1,
                            [
                                6,
                                0
                            ]
                        ]
                    ]
                ]
            ],
            3
        ],
        "graph_aware_dynamic_programming_cost": 2947063399.194052,
        "graph_aware_dynamic_programming_solution": [
            [
                5,
                [
                    4,
                    [
                        2,
                        [
                            1,
                            [
                                6,
                                0
                            ]
                        ]
                    ]
                ]
            ],
            3
        ],
        "greedy_cost": 2947063399.194052,
        "greedy_solution": [
            3,
            [
                5,
                [
                    4,
                    [
                        2,
                        [
                            1,
                            [
                                0,
                                6
                            ]
                        ]
                    ]
                ]
            ]
        ],
        "graph_aware_greedy_cost": 2947063399.194052,
        "graph_aware_greedy_solution": [
            3,
            [
                5,
                [
                    4,
                    [
                        2,
                        [
                            1,
                            [
                                0,
                                6
                            ]
                        ]
                    ]
                ]
            ]
        ],
        "found_optimal": 0,
        "plans_are_equal": 0
    }
}