{"Graph with 3 nodes and 3 edges": {"name": "Graph with 3 nodes and 3 edges", "hubo_variables": 6, "hubo_terms": 33, "bqm_variables": 15, "bqm_terms": 64, "exact_poly_solver": {"solution": [[0, 1, 0], [0, 2, 1]], "cost": -298.93746760102175, "time": 0.0}, "exact_bqm_solver": {"solution": [[0, 2, 1], [0, 1, 0]], "cost": -1.4946873380051091, "time": 0.03400015830993652}, "gurobi": {"result": {"(0, 2, 1)": 1, "(0, 1, 0)": 1}, "solution": [2, [0, 1]], "cost": 2983.867930568812, "cost_with_classical": 2983.867930568812, "time": 0.025007247924804688}, "dynamic_programming": {"solution": [2, [1, 0]], "cost": 2983.867930568812, "time": 0.0}}, "Graph with 4 nodes and 6 edges": {"name": "Graph with 4 nodes and 6 edges", "hubo_variables": 18, "hubo_terms": 2427, "bqm_variables": 362, "bqm_terms": 3632, "exact_poly_solver": {"solution": [[0, 3, 0], [1, 2, 2], [1, 3, 1]], "cost": -399.80506065673785, "time": 7.383230447769165}, "gurobi": {"result": {"(0, 2, 2)": 1, "(0, 3, 0)": 1, "(0, 1, 1)": 1}, "solution": [2, [1, [0, 3]]], "cost": 189.23309895058694, "cost_with_classical": 189.2330989505869, "time": 240.11079740524292}, "dynamic_programming": {"solution": [2, [1, [3, 0]]], "cost": 189.2330989505869, "time": 0.0}}}