{"Graph with 3 nodes and 3 edges": {"name": "Graph with 3 nodes and 3 edges", "hubo_variables": 6, "hubo_terms": 33, "bqm_variables": 15, "bqm_terms": 62, "exact_poly_solver": {"solution": [[0, 1, 0], [0, 2, 1]], "cost": -298.93746760102175, "time": 0.0009996891021728516}, "exact_bqm_solver": {"solution": [[0, 2, 1], [0, 1, 0]], "cost": -1.4946873380051091, "time": 0.03396034240722656}, "gurobi": {"result": {"(0, 2, 1)": 1, "(0, 1, 0)": 1}, "solution": [2, [0, 1]], "cost": 2983.867930568812, "cost_with_classical": 2983.867930568812, "time": 0.03851461410522461}, "dynamic_programming": {"solution": [2, [1, 0]], "cost": 2983.867930568812, "time": 0.0}}, "Graph with 4 nodes and 6 edges": {"name": "Graph with 4 nodes and 6 edges", "hubo_variables": 18, "hubo_terms": 165, "bqm_variables": 49, "bqm_terms": 267, "exact_poly_solver": {"solution": [[0, 3, 0], [1, 2, 2], [1, 3, 1]], "cost": -399.80506065673785, "time": 0.589308500289917}, "gurobi": {"result": {"(0, 3, 0)": 1, "(1, 3, 1)": 1, "(1, 2, 2)": 1}, "solution": [2, [1, [0, 3]]], "cost": 189.23309895058694, "cost_with_classical": 189.2330989505869, "time": 0.05899953842163086}, "dynamic_programming": {"solution": [2, [1, [3, 0]]], "cost": 189.2330989505869, "time": 0.0}}}