{
    "Graph with 7 nodes and 6 edges": {
        "solution": {
            "(4, 5, 4)": 1,
            "(5, 6, 5)": 1,
            "(0, 1, 5)": 1,
            "(1, 2, 4)": 1,
            "(3, 4, 1)": 1,
            "(2, 3, 0)": 1,
            "(2, 3, 1)": 1,
            "(1, 2, 3)": 1,
            "(3, 4, 2)": 1,
            "(5, 6, 3)": 1,
            "(0, 1, 3)": 1,
            "(4, 5, 2)": 1,
            "(5, 6, 2)": 1
        },
        "join": [
            0,
            [
                1,
                [
                    6,
                    [
                        5,
                        [
                            4,
                            [
                                2,
                                3
                            ]
                        ]
                    ]
                ]
            ]
        ],
        "cost": 48730427.03466928,
        "time": 4.454103946685791,
        "optimal_cost": 42538490.558624335,
        "optimal_solution": [
            3,
            [
                4,
                [
                    [
                        1,
                        [
                            0,
                            [
                                6,
                                5
                            ]
                        ]
                    ],
                    2
                ]
            ]
        ],
        "found_optimal": false,
        "plans_are_equal": false
    }
}