{
    "Graph with 7 nodes and 6 edges": {
        "solution": {
            "(0, 3, 0)": 1,
            "(0, 3, 1)": 1,
            "(2, 3, 5)": 1,
            "(2, 3, 4)": 1,
            "(2, 3, 3)": 1,
            "(4, 6, 3)": 1,
            "(4, 6, 2)": 1,
            "(2, 3, 2)": 1
        },
        "join": [
            2,
            [
                [
                    4,
                    6
                ],
                [
                    0,
                    3
                ]
            ]
        ],
        "cost": 245521.2566228844,
        "time": 120.31986498832703,
        "optimal_cost": 44027479.414162934,
        "optimal_solution": [
            5,
            [
                3,
                [
                    2,
                    [
                        [
                            0,
                            [
                                6,
                                4
                            ]
                        ],
                        1
                    ]
                ]
            ]
        ],
        "found_optimal": false,
        "plans_are_equal": false
    }
}