{
    "Graph with 13 nodes and 12 edges": {
        "solution": [
            {
                "(0, 1, 6)": 1,
                "(0, 2, 3)": 1,
                "(0, 3, 8)": 1,
                "(0, 4, 7)": 1,
                "(0, 5, 1)": 1,
                "(0, 6, 9)": 1,
                "(0, 7, 11)": 1,
                "(0, 8, 10)": 1,
                "(0, 9, 2)": 1,
                "(0, 10, 5)": 1,
                "(0, 11, 4)": 1,
                "(0, 12, 0)": 1
            }
        ],
        "join": [
            7,
            [
                8,
                [
                    6,
                    [
                        3,
                        [
                            4,
                            [
                                1,
                                [
                                    10,
                                    [
                                        11,
                                        [
                                            2,
                                            [
                                                9,
                                                [
                                                    5,
                                                    [
                                                        0,
                                                        12
                                                    ]
                                                ]
                                            ]
                                        ]
                                    ]
                                ]
                            ]
                        ]
                    ]
                ]
            ]
        ],
        "cost": 2.567988734986922e+16,
        "energy": -499.35269377307947,
        "estimation_size": 20,
        "time": 0.08501172065734863,
        "dynamic_programming_cost": 2.5679887349869212e+16,
        "dynamic_programming_solution": [
            7,
            [
                8,
                [
                    6,
                    [
                        3,
                        [
                            [
                                1,
                                [
                                    [
                                        11,
                                        [
                                            2,
                                            [
                                                9,
                                                [
                                                    5,
                                                    [
                                                        12,
                                                        0
                                                    ]
                                                ]
                                            ]
                                        ]
                                    ],
                                    10
                                ]
                            ],
                            4
                        ]
                    ]
                ]
            ]
        ],
        "graph_aware_dynamic_programming_cost": 2.5679887349869212e+16,
        "graph_aware_dynamic_programming_solution": [
            7,
            [
                8,
                [
                    6,
                    [
                        3,
                        [
                            [
                                1,
                                [
                                    [
                                        11,
                                        [
                                            2,
                                            [
                                                9,
                                                [
                                                    5,
                                                    [
                                                        12,
                                                        0
                                                    ]
                                                ]
                                            ]
                                        ]
                                    ],
                                    10
                                ]
                            ],
                            4
                        ]
                    ]
                ]
            ]
        ],
        "greedy_cost": 2.567988734986922e+16,
        "greedy_solution": [
            7,
            [
                8,
                [
                    6,
                    [
                        3,
                        [
                            4,
                            [
                                1,
                                [
                                    10,
                                    [
                                        11,
                                        [
                                            2,
                                            [
                                                9,
                                                [
                                                    5,
                                                    [
                                                        0,
                                                        12
                                                    ]
                                                ]
                                            ]
                                        ]
                                    ]
                                ]
                            ]
                        ]
                    ]
                ]
            ]
        ],
        "graph_aware_greedy_cost": 2.567988734986922e+16,
        "graph_aware_greedy_solution": [
            7,
            [
                8,
                [
                    6,
                    [
                        3,
                        [
                            4,
                            [
                                1,
                                [
                                    10,
                                    [
                                        11,
                                        [
                                            2,
                                            [
                                                9,
                                                [
                                                    5,
                                                    [
                                                        0,
                                                        12
                                                    ]
                                                ]
                                            ]
                                        ]
                                    ]
                                ]
                            ]
                        ]
                    ]
                ]
            ]
        ],
        "found_optimal": 20,
        "plans_are_equal": 20
    }
}