{
    "Graph with 12 nodes and 11 edges": {
        "solution": [
            {
                "(0, 1, 4)": 1,
                "(0, 2, 2)": 1,
                "(0, 3, 3)": 1,
                "(0, 4, 5)": 1,
                "(0, 5, 8)": 1,
                "(0, 6, 1)": 1,
                "(0, 7, 10)": 1,
                "(0, 8, 7)": 1,
                "(0, 9, 6)": 1,
                "(0, 10, 0)": 1,
                "(0, 11, 9)": 1
            }
        ],
        "join": [
            7,
            [
                11,
                [
                    5,
                    [
                        8,
                        [
                            9,
                            [
                                4,
                                [
                                    1,
                                    [
                                        3,
                                        [
                                            2,
                                            [
                                                6,
                                                [
                                                    0,
                                                    10
                                                ]
                                            ]
                                        ]
                                    ]
                                ]
                            ]
                        ]
                    ]
                ]
            ]
        ],
        "cost": 6543634333016934.0,
        "energy": -459.3483642368949,
        "estimation_size": 20,
        "time": 0.05200815200805664,
        "dynamic_programming_cost": 6543634333016933.0,
        "dynamic_programming_solution": [
            7,
            [
                11,
                [
                    5,
                    [
                        8,
                        [
                            9,
                            [
                                4,
                                [
                                    1,
                                    [
                                        3,
                                        [
                                            2,
                                            [
                                                [
                                                    10,
                                                    0
                                                ],
                                                6
                                            ]
                                        ]
                                    ]
                                ]
                            ]
                        ]
                    ]
                ]
            ]
        ],
        "graph_aware_dynamic_programming_cost": 6543634333016933.0,
        "graph_aware_dynamic_programming_solution": [
            7,
            [
                11,
                [
                    5,
                    [
                        8,
                        [
                            9,
                            [
                                4,
                                [
                                    1,
                                    [
                                        3,
                                        [
                                            2,
                                            [
                                                [
                                                    10,
                                                    0
                                                ],
                                                6
                                            ]
                                        ]
                                    ]
                                ]
                            ]
                        ]
                    ]
                ]
            ]
        ],
        "greedy_cost": 6543634333016934.0,
        "greedy_solution": [
            7,
            [
                11,
                [
                    5,
                    [
                        8,
                        [
                            9,
                            [
                                4,
                                [
                                    1,
                                    [
                                        3,
                                        [
                                            2,
                                            [
                                                6,
                                                [
                                                    0,
                                                    10
                                                ]
                                            ]
                                        ]
                                    ]
                                ]
                            ]
                        ]
                    ]
                ]
            ]
        ],
        "graph_aware_greedy_cost": 6543634333016934.0,
        "graph_aware_greedy_solution": [
            7,
            [
                11,
                [
                    5,
                    [
                        8,
                        [
                            9,
                            [
                                4,
                                [
                                    1,
                                    [
                                        3,
                                        [
                                            2,
                                            [
                                                6,
                                                [
                                                    0,
                                                    10
                                                ]
                                            ]
                                        ]
                                    ]
                                ]
                            ]
                        ]
                    ]
                ]
            ]
        ],
        "found_optimal": 20,
        "plans_are_equal": 20
    }
}