{
    "Graph with 5 nodes and 5 edges": {
        "solution": {
            "(1, 2, 0)": 1,
            "(0, 1, 1)": 1,
            "(3, 4, 3)": 1,
            "(0, 4, 2)": 1
        },
        "join": [
            3,
            [
                4,
                [
                    0,
                    [
                        1,
                        2
                    ]
                ]
            ]
        ],
        "cost": 181523.59626276893,
        "time": 0.5099959373474121,
        "optimal_cost": 181453.81633069276,
        "optimal_solution": [
            3,
            [
                4,
                [
                    2,
                    [
                        1,
                        0
                    ]
                ]
            ]
        ],
        "found_optimal": false,
        "plans_are_equal": false
    }
}