{
    "Graph with 7 nodes and 6 edges": {
        "solution": {
            "(4, 5, 1)": 1,
            "(3, 4, 2)": 1,
            "(1, 2, 4)": 1,
            "(0, 1, 5)": 1,
            "(2, 3, 3)": 1,
            "(5, 6, 0)": 1
        },
        "join": [
            0,
            [
                1,
                [
                    2,
                    [
                        3,
                        [
                            4,
                            [
                                5,
                                6
                            ]
                        ]
                    ]
                ]
            ]
        ],
        "cost": 48657309.929493025,
        "time": 0.5829977989196777,
        "optimal_cost": 42538490.558624335,
        "optimal_solution": [
            3,
            [
                4,
                [
                    [
                        1,
                        [
                            0,
                            [
                                6,
                                5
                            ]
                        ]
                    ],
                    2
                ]
            ]
        ],
        "found_optimal": false,
        "plans_are_equal": false
    }
}