{
    "Graph with 6 nodes and 5 edges": {
        "solution": {
            "(1, 2, 1)": 1,
            "(2, 3, 2)": 1,
            "(3, 4, 3)": 1,
            "(4, 5, 4)": 1,
            "(0, 1, 0)": 1
        },
        "join": [
            5,
            [
                4,
                [
                    3,
                    [
                        2,
                        [
                            0,
                            1
                        ]
                    ]
                ]
            ]
        ],
        "cost": 25433.315624547715,
        "time": 0.212998628616333,
        "optimal_cost": 23695.26852220912,
        "optimal_solution": [
            5,
            [
                0,
                [
                    1,
                    [
                        2,
                        [
                            4,
                            3
                        ]
                    ]
                ]
            ]
        ],
        "found_optimal": false,
        "plans_are_equal": false
    }
}