{
    "Graph with 9 nodes and 8 edges": {
        "solution": {
            "(2, 3, 2)": 1,
            "(6, 7, 6)": 1,
            "(5, 6, 5)": 1,
            "(7, 8, 7)": 1,
            "(3, 4, 3)": 1,
            "(1, 2, 1)": 1,
            "(4, 5, 4)": 1,
            "(0, 1, 0)": 1
        },
        "join": [
            8,
            [
                7,
                [
                    6,
                    [
                        5,
                        [
                            4,
                            [
                                3,
                                [
                                    2,
                                    [
                                        0,
                                        1
                                    ]
                                ]
                            ]
                        ]
                    ]
                ]
            ]
        ],
        "cost": 15906325.94381038,
        "time": 58.11049818992615,
        "optimal_cost": 15837916.235565122,
        "optimal_solution": [
            [
                3,
                [
                    [
                        5,
                        [
                            7,
                            [
                                6,
                                [
                                    0,
                                    [
                                        2,
                                        1
                                    ]
                                ]
                            ]
                        ]
                    ],
                    4
                ]
            ],
            8
        ],
        "found_optimal": false,
        "plans_are_equal": false
    }
}