{
    "Graph with 9 nodes and 9 edges": {
        "solution": {
            "(6, 7, 1)": 1,
            "(5, 6, 0)": 1,
            "(7, 8, 2)": 1,
            "(0, 8, 3)": 1,
            "(0, 1, 4)": 1,
            "(1, 2, 5)": 1,
            "(2, 3, 6)": 1,
            "(3, 4, 7)": 1
        },
        "join": [
            4,
            [
                3,
                [
                    2,
                    [
                        1,
                        [
                            0,
                            [
                                8,
                                [
                                    7,
                                    [
                                        5,
                                        6
                                    ]
                                ]
                            ]
                        ]
                    ]
                ]
            ]
        ],
        "cost": 18040828.022410914,
        "time": 120.2558081150055,
        "optimal_cost": 14364558.176560842,
        "optimal_solution": [
            7,
            [
                3,
                [
                    4,
                    [
                        2,
                        [
                            6,
                            [
                                5,
                                [
                                    1,
                                    [
                                        8,
                                        0
                                    ]
                                ]
                            ]
                        ]
                    ]
                ]
            ]
        ],
        "found_optimal": false,
        "plans_are_equal": false
    }
}