{
    "Graph with 6 nodes and 15 edges": {
        "solution": {
            "(3, 4, 1)": 1,
            "(0, 4, 0)": 1,
            "(4, 5, 2)": 1,
            "(1, 5, 3)": 1,
            "(2, 5, 4)": 1
        },
        "join": [
            2,
            [
                1,
                [
                    5,
                    [
                        3,
                        [
                            0,
                            4
                        ]
                    ]
                ]
            ]
        ],
        "cost": 16.691100268330906,
        "time": 122.21716237068176,
        "optimal_cost": 16.691100268330906,
        "optimal_solution": [
            2,
            [
                1,
                [
                    5,
                    [
                        3,
                        [
                            4,
                            0
                        ]
                    ]
                ]
            ]
        ],
        "found_optimal": true,
        "plans_are_equal": true
    }
}