{
    "Graph with 8 nodes and 8 edges": {
        "solution": {
            "(5, 6, 1)": 1,
            "(4, 5, 0)": 1,
            "(0, 7, 3)": 1,
            "(0, 1, 4)": 1,
            "(6, 7, 2)": 1,
            "(2, 3, 6)": 1,
            "(1, 2, 5)": 1
        },
        "join": [
            3,
            [
                2,
                [
                    1,
                    [
                        0,
                        [
                            7,
                            [
                                6,
                                [
                                    4,
                                    5
                                ]
                            ]
                        ]
                    ]
                ]
            ]
        ],
        "cost": 196309199.13525775,
        "time": 1001.5212826728821,
        "optimal_cost": 179177196.09849486,
        "optimal_solution": [
            5,
            [
                7,
                [
                    6,
                    [
                        0,
                        [
                            1,
                            [
                                2,
                                [
                                    4,
                                    3
                                ]
                            ]
                        ]
                    ]
                ]
            ]
        ],
        "found_optimal": false,
        "plans_are_equal": false
    }
}