{
    "Graph with 9 nodes and 8 edges": {
        "solution": {
            "(0, 7, 1)": 1,
            "(0, 3, 2)": 1,
            "(0, 6, 0)": 1,
            "(0, 4, 3)": 1,
            "(0, 1, 4)": 1,
            "(0, 5, 5)": 1,
            "(0, 2, 6)": 1,
            "(0, 8, 7)": 1
        },
        "join": [
            8,
            [
                2,
                [
                    5,
                    [
                        1,
                        [
                            4,
                            [
                                3,
                                [
                                    7,
                                    [
                                        0,
                                        6
                                    ]
                                ]
                            ]
                        ]
                    ]
                ]
            ]
        ],
        "cost": 16948600.47508304,
        "time": 140.891743183136,
        "optimal_cost": 15766889.203249935,
        "optimal_solution": [
            [
                3,
                [
                    5,
                    [
                        6,
                        [
                            [
                                [
                                    1,
                                    [
                                        2,
                                        0
                                    ]
                                ],
                                7
                            ],
                            4
                        ]
                    ]
                ]
            ],
            8
        ],
        "found_optimal": false,
        "plans_are_equal": false
    }
}