{
    "Graph with 8 nodes and 7 edges": {
        "solution": {
            "(0, 7, 1)": 1,
            "(0, 3, 2)": 1,
            "(0, 1, 0)": 1,
            "(0, 6, 3)": 1,
            "(0, 5, 4)": 1,
            "(0, 2, 5)": 1,
            "(0, 4, 6)": 1
        },
        "join": [
            4,
            [
                2,
                [
                    5,
                    [
                        6,
                        [
                            3,
                            [
                                7,
                                [
                                    0,
                                    1
                                ]
                            ]
                        ]
                    ]
                ]
            ]
        ],
        "cost": 1078936093.1588771,
        "time": 120.92533469200134,
        "optimal_cost": 999804329.201777,
        "optimal_solution": [
            3,
            [
                [
                    [
                        2,
                        [
                            4,
                            [
                                1,
                                [
                                    5,
                                    0
                                ]
                            ]
                        ]
                    ],
                    6
                ],
                7
            ]
        ],
        "found_optimal": false,
        "plans_are_equal": false
    }
}