{
    "Graph with 7 nodes and 6 edges": {
        "solution": {
            "(0, 5, 2)": 1,
            "(0, 2, 1)": 1,
            "(0, 4, 0)": 1,
            "(0, 6, 3)": 1,
            "(0, 3, 4)": 1,
            "(0, 1, 5)": 1
        },
        "join": [
            1,
            [
                3,
                [
                    6,
                    [
                        5,
                        [
                            2,
                            [
                                0,
                                4
                            ]
                        ]
                    ]
                ]
            ]
        ],
        "cost": 46451684.18695907,
        "time": 120.15151906013489,
        "optimal_cost": 42129357.72525138,
        "optimal_solution": [
            [
                5,
                [
                    4,
                    [
                        2,
                        [
                            1,
                            [
                                6,
                                0
                            ]
                        ]
                    ]
                ]
            ],
            3
        ],
        "found_optimal": false,
        "plans_are_equal": false
    }
}