{
    "Graph with 6 nodes and 5 edges": {
        "solution": {
            "(0, 3, 2)": 1,
            "(0, 4, 0)": 1,
            "(0, 1, 1)": 1,
            "(0, 2, 3)": 1,
            "(0, 5, 4)": 1
        },
        "join": [
            5,
            [
                2,
                [
                    3,
                    [
                        1,
                        [
                            0,
                            4
                        ]
                    ]
                ]
            ]
        ],
        "cost": 23473.071842818317,
        "time": 1.2280495166778564,
        "optimal_cost": 23473.071842818317,
        "optimal_solution": [
            5,
            [
                2,
                [
                    3,
                    [
                        1,
                        [
                            4,
                            0
                        ]
                    ]
                ]
            ]
        ],
        "found_optimal": true,
        "plans_are_equal": true
    }
}