{
    "Graph with 5 nodes and 4 edges": {
        "solution": {
            "(1, 3, 2)": 1,
            "(0, 3, 1)": 1,
            "(0, 4, 0)": 1,
            "(2, 3, 3)": 1
        },
        "join": [
            2,
            [
                1,
                [
                    3,
                    [
                        0,
                        4
                    ]
                ]
            ]
        ],
        "cost": 263583.22774352157,
        "time": 0.09599971771240234,
        "optimal_cost": 262946.2955247973,
        "optimal_solution": [
            2,
            [
                [
                    1,
                    [
                        0,
                        4
                    ]
                ],
                3
            ]
        ],
        "found_optimal": false,
        "plans_are_equal": false
    }
}