{
    "Graph with 5 nodes and 5 edges": {
        "solution": [
            {
                "(0, 1, 0)": 1,
                "(0, 1, 1)": 1,
                "(0, 1, 2)": 1,
                "(0, 1, 3)": 1,
                "(0, 4, 2)": 1,
                "(0, 4, 3)": 1,
                "(1, 2, 1)": 1,
                "(1, 2, 2)": 1,
                "(1, 2, 3)": 1,
                "(2, 3, 3)": 1
            }
        ],
        "join": [
            3,
            [
                4,
                [
                    2,
                    [
                        0,
                        1
                    ]
                ]
            ]
        ],
        "cost": 9341534.343724808,
        "energy": -21395.50616572376,
        "estimation_size": 20,
        "time": 45.501463174819946,
        "dynamic_programming_cost": 9335719.366603933,
        "dynamic_programming_solution": [
            3,
            [
                4,
                [
                    2,
                    [
                        1,
                        0
                    ]
                ]
            ]
        ],
        "graph_aware_dynamic_programming_cost": 9341534.343724808,
        "graph_aware_dynamic_programming_solution": [
            3,
            [
                4,
                [
                    2,
                    [
                        1,
                        0
                    ]
                ]
            ]
        ],
        "greedy_cost": 9340444.425068788,
        "greedy_solution": [
            3,
            [
                4,
                [
                    2,
                    [
                        0,
                        1
                    ]
                ]
            ]
        ],
        "graph_aware_greedy_cost": 9346259.402189663,
        "graph_aware_greedy_solution": [
            3,
            [
                4,
                [
                    2,
                    [
                        0,
                        1
                    ]
                ]
            ]
        ],
        "found_optimal": 17,
        "plans_are_equal": 17
    }
}