{
    "Graph with 8 nodes and 7 edges": {
        "solution": {
            "(4, 7, 1)": 1,
            "(0, 4, 3)": 1,
            "(4, 7, 2)": 1,
            "(0, 4, 2)": 1,
            "(5, 6, 6)": 1,
            "(2, 6, 5)": 1,
            "(1, 6, 4)": 1,
            "(1, 6, 0)": 1,
            "(0, 3, 3)": 1
        },
        "join": [
            5,
            [
                2,
                [
                    3,
                    [
                        0,
                        [
                            [
                                4,
                                7
                            ],
                            [
                                1,
                                6
                            ]
                        ]
                    ]
                ]
            ]
        ],
        "cost": 1045716314.2373666,
        "optimal_cost": 1001819124.8225763,
        "optimal_solution": [
            3,
            [
                [
                    1,
                    [
                        6,
                        [
                            2,
                            [
                                0,
                                [
                                    7,
                                    4
                                ]
                            ]
                        ]
                    ]
                ],
                5
            ]
        ],
        "found_optimal": false,
        "plans_are_equal": false
    }
}