{
    "Graph with 6 nodes and 6 edges": {
        "solution": [
            {
                "(0, 1, 2)": 1,
                "(0, 1, 3)": 1,
                "(0, 1, 4)": 1,
                "(0, 5, 4)": 1,
                "(1, 2, 0)": 1,
                "(1, 2, 1)": 1,
                "(1, 2, 2)": 1,
                "(1, 2, 3)": 1,
                "(1, 2, 4)": 1,
                "(2, 3, 1)": 1,
                "(2, 3, 2)": 1,
                "(2, 3, 3)": 1,
                "(2, 3, 4)": 1,
                "(3, 4, 3)": 1,
                "(3, 4, 4)": 1
            }
        ],
        "join": [
            5,
            [
                4,
                [
                    0,
                    [
                        3,
                        [
                            1,
                            2
                        ]
                    ]
                ]
            ]
        ],
        "cost": 120234766.73820843,
        "time": 54.56253981590271,
        "estimation_size": 20,
        "optimal_cost": 120205037.87402335,
        "optimal_solution": [
            5,
            [
                4,
                [
                    0,
                    [
                        3,
                        [
                            2,
                            1
                        ]
                    ]
                ]
            ]
        ],
        "graph_aware_dynamic_programming_cost": 120234463.5801091,
        "graph_aware_dynamic_programming_solution": [
            5,
            [
                4,
                [
                    0,
                    [
                        3,
                        [
                            2,
                            1
                        ]
                    ]
                ]
            ]
        ],
        "greedy_cost": 120436026.07141039,
        "greedy_solution": [
            5,
            [
                4,
                [
                    0,
                    [
                        3,
                        [
                            1,
                            2
                        ]
                    ]
                ]
            ]
        ],
        "graph_aware_greedy_cost": 120465066.41728167,
        "graph_aware_greedy_solution": [
            5,
            [
                4,
                [
                    0,
                    [
                        3,
                        [
                            1,
                            2
                        ]
                    ]
                ]
            ]
        ],
        "found_optimal": 0,
        "plans_are_equal": 12
    }
}