{
    "Graph with 5 nodes and 5 edges": {
        "solution": [
            {
                "(0, 1, 1)": 1,
                "(0, 1, 2)": 1,
                "(0, 1, 3)": 1,
                "(0, 4, 0)": 1,
                "(0, 4, 1)": 1,
                "(0, 4, 2)": 1,
                "(0, 4, 3)": 1,
                "(1, 2, 1)": 1,
                "(1, 2, 2)": 1,
                "(1, 2, 3)": 1,
                "(2, 3, 2)": 1,
                "(2, 3, 3)": 1,
                "(3, 4, 2)": 1,
                "(3, 4, 3)": 1
            }
        ],
        "join": [
            3,
            [
                2,
                [
                    1,
                    [
                        0,
                        4
                    ]
                ]
            ]
        ],
        "cost": 9739389.081375794,
        "time": 0.918175220489502,
        "estimation_size": 20,
        "optimal_cost": 9335719.366603933,
        "optimal_solution": [
            3,
            [
                4,
                [
                    2,
                    [
                        1,
                        0
                    ]
                ]
            ]
        ],
        "graph_aware_dynamic_programming_cost": 9341534.343724808,
        "graph_aware_dynamic_programming_solution": [
            3,
            [
                4,
                [
                    2,
                    [
                        1,
                        0
                    ]
                ]
            ]
        ],
        "greedy_cost": 9340444.425068788,
        "greedy_solution": [
            3,
            [
                4,
                [
                    2,
                    [
                        0,
                        1
                    ]
                ]
            ]
        ],
        "graph_aware_greedy_cost": 9346259.402189663,
        "graph_aware_greedy_solution": [
            3,
            [
                4,
                [
                    2,
                    [
                        0,
                        1
                    ]
                ]
            ]
        ],
        "found_optimal": 0,
        "plans_are_equal": 6
    }
}