{
    "Graph with 9 nodes and 9 edges": {
        "solution": [
            {
                "(0, 1, 1)": 1,
                "(0, 1, 2)": 1,
                "(0, 1, 3)": 1,
                "(0, 1, 4)": 1,
                "(0, 1, 5)": 1,
                "(0, 1, 6)": 1,
                "(0, 1, 7)": 1,
                "(0, 8, 2)": 1,
                "(0, 8, 3)": 1,
                "(0, 8, 4)": 1,
                "(0, 8, 5)": 1,
                "(0, 8, 6)": 1,
                "(0, 8, 7)": 1,
                "(1, 2, 1)": 1,
                "(1, 2, 2)": 1,
                "(1, 2, 3)": 1,
                "(1, 2, 4)": 1,
                "(1, 2, 5)": 1,
                "(1, 2, 6)": 1,
                "(1, 2, 7)": 1,
                "(2, 3, 0)": 1,
                "(2, 3, 1)": 1,
                "(2, 3, 2)": 1,
                "(2, 3, 3)": 1,
                "(2, 3, 4)": 1,
                "(2, 3, 5)": 1,
                "(2, 3, 6)": 1,
                "(2, 3, 7)": 1,
                "(3, 4, 6)": 1,
                "(3, 4, 7)": 1,
                "(4, 5, 6)": 1,
                "(4, 5, 7)": 1,
                "(5, 6, 5)": 1,
                "(5, 6, 6)": 1,
                "(5, 6, 7)": 1,
                "(6, 7, 4)": 1,
                "(6, 7, 5)": 1,
                "(6, 7, 6)": 1,
                "(6, 7, 7)": 1,
                "(7, 8, 3)": 1,
                "(7, 8, 4)": 1,
                "(7, 8, 5)": 1,
                "(7, 8, 6)": 1,
                "(7, 8, 7)": 1
            }
        ],
        "join": [
            5,
            [
                4,
                [
                    6,
                    [
                        7,
                        [
                            8,
                            [
                                0,
                                [
                                    1,
                                    [
                                        2,
                                        3
                                    ]
                                ]
                            ]
                        ]
                    ]
                ]
            ]
        ],
        "cost": 244488260298.69992,
        "time": 1906.0756719112396,
        "estimation_size": 20,
        "optimal_cost": 243608149974.9533,
        "optimal_solution": [
            7,
            [
                3,
                [
                    4,
                    [
                        2,
                        [
                            6,
                            [
                                5,
                                [
                                    1,
                                    [
                                        8,
                                        0
                                    ]
                                ]
                            ]
                        ]
                    ]
                ]
            ]
        ],
        "graph_aware_dynamic_programming_cost": 243616731437.54535,
        "graph_aware_dynamic_programming_solution": [
            7,
            [
                6,
                [
                    5,
                    [
                        4,
                        [
                            [
                                2,
                                [
                                    1,
                                    [
                                        8,
                                        0
                                    ]
                                ]
                            ],
                            3
                        ]
                    ]
                ]
            ]
        ],
        "greedy_cost": 243819617283.12137,
        "greedy_solution": [
            7,
            [
                6,
                [
                    5,
                    [
                        4,
                        [
                            3,
                            [
                                2,
                                [
                                    1,
                                    [
                                        0,
                                        8
                                    ]
                                ]
                            ]
                        ]
                    ]
                ]
            ]
        ],
        "graph_aware_greedy_cost": 244157871035.13647,
        "graph_aware_greedy_solution": [
            7,
            [
                6,
                [
                    5,
                    [
                        4,
                        [
                            3,
                            [
                                2,
                                [
                                    1,
                                    [
                                        0,
                                        8
                                    ]
                                ]
                            ]
                        ]
                    ]
                ]
            ]
        ],
        "found_optimal": 0,
        "plans_are_equal": 0
    }
}