{
    "Graph with 8 nodes and 8 edges": {
        "solution": [
            {
                "(0, 1, 5)": 1,
                "(0, 1, 6)": 1,
                "(0, 7, 5)": 1,
                "(0, 7, 6)": 1,
                "(1, 2, 0)": 1,
                "(1, 2, 1)": 1,
                "(1, 2, 2)": 1,
                "(1, 2, 3)": 1,
                "(1, 2, 4)": 1,
                "(1, 2, 5)": 1,
                "(1, 2, 6)": 1,
                "(2, 3, 1)": 1,
                "(2, 3, 2)": 1,
                "(2, 3, 3)": 1,
                "(2, 3, 4)": 1,
                "(2, 3, 5)": 1,
                "(2, 3, 6)": 1,
                "(3, 4, 1)": 1,
                "(3, 4, 2)": 1,
                "(3, 4, 3)": 1,
                "(3, 4, 4)": 1,
                "(3, 4, 5)": 1,
                "(3, 4, 6)": 1,
                "(4, 5, 2)": 1,
                "(4, 5, 3)": 1,
                "(4, 5, 4)": 1,
                "(4, 5, 5)": 1,
                "(4, 5, 6)": 1,
                "(5, 6, 3)": 1,
                "(5, 6, 4)": 1,
                "(5, 6, 5)": 1,
                "(5, 6, 6)": 1,
                "(6, 7, 4)": 1,
                "(6, 7, 5)": 1,
                "(6, 7, 6)": 1
            }
        ],
        "join": [
            7,
            [
                0,
                [
                    6,
                    [
                        5,
                        [
                            4,
                            [
                                3,
                                [
                                    1,
                                    2
                                ]
                            ]
                        ]
                    ]
                ]
            ]
        ],
        "cost": 43229737925.604965,
        "time": 406.0964674949646,
        "estimation_size": 20,
        "optimal_cost": 43045984453.807526,
        "optimal_solution": [
            5,
            [
                7,
                [
                    6,
                    [
                        0,
                        [
                            1,
                            [
                                2,
                                [
                                    4,
                                    3
                                ]
                            ]
                        ]
                    ]
                ]
            ]
        ],
        "graph_aware_dynamic_programming_cost": 43050460239.21689,
        "graph_aware_dynamic_programming_solution": [
            5,
            [
                [
                    7,
                    [
                        0,
                        [
                            1,
                            [
                                2,
                                [
                                    4,
                                    3
                                ]
                            ]
                        ]
                    ]
                ],
                6
            ]
        ],
        "greedy_cost": 43059090162.243706,
        "greedy_solution": [
            7,
            [
                6,
                [
                    5,
                    [
                        3,
                        [
                            4,
                            [
                                2,
                                [
                                    0,
                                    1
                                ]
                            ]
                        ]
                    ]
                ]
            ]
        ],
        "graph_aware_greedy_cost": 43067580780.64308,
        "graph_aware_greedy_solution": [
            7,
            [
                6,
                [
                    5,
                    [
                        4,
                        [
                            3,
                            [
                                2,
                                [
                                    0,
                                    1
                                ]
                            ]
                        ]
                    ]
                ]
            ]
        ],
        "found_optimal": 0,
        "plans_are_equal": 0
    }
}