{
    "Graph with 7 nodes and 7 edges": {
        "solution": [
            {
                "(0, 1, 3)": 1,
                "(0, 1, 4)": 1,
                "(0, 1, 5)": 1,
                "(0, 6, 2)": 1,
                "(0, 6, 3)": 1,
                "(0, 6, 4)": 1,
                "(0, 6, 5)": 1,
                "(1, 2, 4)": 1,
                "(1, 2, 5)": 1,
                "(3, 4, 5)": 1,
                "(4, 5, 1)": 1,
                "(4, 5, 2)": 1,
                "(4, 5, 3)": 1,
                "(4, 5, 4)": 1,
                "(4, 5, 5)": 1,
                "(5, 6, 0)": 1,
                "(5, 6, 1)": 1,
                "(5, 6, 2)": 1,
                "(5, 6, 3)": 1,
                "(5, 6, 4)": 1,
                "(5, 6, 5)": 1
            }
        ],
        "join": [
            3,
            [
                2,
                [
                    1,
                    [
                        0,
                        [
                            4,
                            [
                                5,
                                6
                            ]
                        ]
                    ]
                ]
            ]
        ],
        "cost": 1435734339.6074076,
        "time": 2819.024715900421,
        "estimation_size": 20,
        "optimal_cost": 1435463909.655235,
        "optimal_solution": [
            3,
            [
                2,
                [
                    6,
                    [
                        1,
                        [
                            0,
                            [
                                5,
                                4
                            ]
                        ]
                    ]
                ]
            ]
        ],
        "graph_aware_dynamic_programming_cost": 1435722630.4702623,
        "graph_aware_dynamic_programming_solution": [
            3,
            [
                [
                    1,
                    [
                        [
                            6,
                            [
                                5,
                                4
                            ]
                        ],
                        0
                    ]
                ],
                2
            ]
        ],
        "greedy_cost": 1436119376.7828798,
        "greedy_solution": [
            3,
            [
                6,
                [
                    5,
                    [
                        4,
                        [
                            2,
                            [
                                0,
                                1
                            ]
                        ]
                    ]
                ]
            ]
        ],
        "graph_aware_greedy_cost": 1437889566.5707445,
        "graph_aware_greedy_solution": [
            3,
            [
                4,
                [
                    5,
                    [
                        6,
                        [
                            2,
                            [
                                0,
                                1
                            ]
                        ]
                    ]
                ]
            ]
        ],
        "found_optimal": 0,
        "plans_are_equal": 8
    }
}