{
    "Graph with 10 nodes and 9 edges": {
        "solution": [
            {
                "(0, 3, 8)": 1,
                "(0, 4, 3)": 1,
                "(1, 6, 1)": 1,
                "(2, 6, 0)": 1,
                "(4, 6, 2)": 1,
                "(4, 9, 4)": 1,
                "(5, 8, 7)": 1,
                "(6, 7, 5)": 1,
                "(7, 8, 6)": 1
            }
        ],
        "join": [
            3,
            [
                5,
                [
                    8,
                    [
                        7,
                        [
                            9,
                            [
                                0,
                                [
                                    4,
                                    [
                                        1,
                                        [
                                            2,
                                            6
                                        ]
                                    ]
                                ]
                            ]
                        ]
                    ]
                ]
            ]
        ],
        "cost": 26437367752378.25,
        "energy": -378.745985070001,
        "estimation_size": 20,
        "time": 0.019005537033081055,
        "dynamic_programming_cost": 26364010831018.62,
        "dynamic_programming_solution": [
            3,
            [
                7,
                [
                    9,
                    [
                        0,
                        [
                            4,
                            [
                                1,
                                [
                                    6,
                                    [
                                        2,
                                        [
                                            8,
                                            5
                                        ]
                                    ]
                                ]
                            ]
                        ]
                    ]
                ]
            ]
        ],
        "graph_aware_dynamic_programming_cost": 26364315069882.55,
        "graph_aware_dynamic_programming_solution": [
            3,
            [
                9,
                [
                    0,
                    [
                        4,
                        [
                            1,
                            [
                                5,
                                [
                                    8,
                                    [
                                        7,
                                        [
                                            6,
                                            2
                                        ]
                                    ]
                                ]
                            ]
                        ]
                    ]
                ]
            ]
        ],
        "greedy_cost": 26372027160062.387,
        "greedy_solution": [
            3,
            [
                7,
                [
                    8,
                    [
                        5,
                        [
                            9,
                            [
                                0,
                                [
                                    4,
                                    [
                                        1,
                                        [
                                            2,
                                            6
                                        ]
                                    ]
                                ]
                            ]
                        ]
                    ]
                ]
            ]
        ],
        "graph_aware_greedy_cost": 26437367752378.25,
        "graph_aware_greedy_solution": [
            3,
            [
                5,
                [
                    8,
                    [
                        7,
                        [
                            9,
                            [
                                0,
                                [
                                    4,
                                    [
                                        1,
                                        [
                                            2,
                                            6
                                        ]
                                    ]
                                ]
                            ]
                        ]
                    ]
                ]
            ]
        ],
        "found_optimal": 3,
        "plans_are_equal": 2
    }
}