{
    "Graph with 6 nodes and 5 edges": {
        "solution": [
            {
                "(0, 2, 1)": 1,
                "(0, 3, 2)": 1,
                "(1, 3, 3)": 1,
                "(2, 5, 0)": 1,
                "(3, 4, 4)": 1
            }
        ],
        "join": [
            4,
            [
                1,
                [
                    3,
                    [
                        0,
                        [
                            2,
                            5
                        ]
                    ]
                ]
            ]
        ],
        "cost": 1087349562.1777847,
        "energy": -362.2922567394488,
        "estimation_size": 165,
        "time": 2772.2726900577545,
        "dynamic_programming_cost": 1084619030.245909,
        "dynamic_programming_solution": [
            [
                3,
                [
                    1,
                    [
                        0,
                        [
                            5,
                            2
                        ]
                    ]
                ]
            ],
            4
        ],
        "graph_aware_dynamic_programming_cost": 1087349562.1777844,
        "graph_aware_dynamic_programming_solution": [
            4,
            [
                1,
                [
                    3,
                    [
                        0,
                        [
                            5,
                            2
                        ]
                    ]
                ]
            ]
        ],
        "greedy_cost": 1089327242.939287,
        "greedy_solution": [
            4,
            [
                3,
                [
                    1,
                    [
                        0,
                        [
                            2,
                            5
                        ]
                    ]
                ]
            ]
        ],
        "graph_aware_greedy_cost": 1092104862.504675,
        "graph_aware_greedy_solution": [
            4,
            [
                1,
                [
                    3,
                    [
                        0,
                        [
                            2,
                            5
                        ]
                    ]
                ]
            ]
        ],
        "found_optimal": 13,
        "plans_are_equal": 13
    }
}