{
    "Graph with 9 nodes and 8 edges": {
        "solution": [
            {
                "(0, 3, 5)": 1,
                "(0, 4, 0)": 1,
                "(1, 6, 6)": 1,
                "(2, 6, 3)": 1,
                "(4, 8, 1)": 1,
                "(5, 7, 7)": 1,
                "(6, 7, 4)": 1,
                "(6, 8, 2)": 1
            }
        ],
        "join": [
            5,
            [
                1,
                [
                    3,
                    [
                        7,
                        [
                            2,
                            [
                                6,
                                [
                                    8,
                                    [
                                        0,
                                        4
                                    ]
                                ]
                            ]
                        ]
                    ]
                ]
            ]
        ],
        "cost": 1014842691190.8984,
        "energy": -338.7209402068596,
        "estimation_size": 40,
        "time": 136.32015657424927,
        "dynamic_programming_cost": 1003825770840.935,
        "dynamic_programming_solution": [
            [
                5,
                [
                    1,
                    [
                        3,
                        [
                            7,
                            [
                                6,
                                [
                                    2,
                                    [
                                        4,
                                        0
                                    ]
                                ]
                            ]
                        ]
                    ]
                ]
            ],
            8
        ],
        "graph_aware_dynamic_programming_cost": 1013756814983.0775,
        "graph_aware_dynamic_programming_solution": [
            5,
            [
                1,
                [
                    3,
                    [
                        7,
                        [
                            2,
                            [
                                6,
                                [
                                    8,
                                    [
                                        4,
                                        0
                                    ]
                                ]
                            ]
                        ]
                    ]
                ]
            ]
        ],
        "greedy_cost": 1004122136037.8961,
        "greedy_solution": [
            8,
            [
                5,
                [
                    7,
                    [
                        6,
                        [
                            2,
                            [
                                1,
                                [
                                    3,
                                    [
                                        0,
                                        4
                                    ]
                                ]
                            ]
                        ]
                    ]
                ]
            ]
        ],
        "graph_aware_greedy_cost": 1026734764368.9717,
        "graph_aware_greedy_solution": [
            5,
            [
                1,
                [
                    7,
                    [
                        2,
                        [
                            6,
                            [
                                8,
                                [
                                    3,
                                    [
                                        0,
                                        4
                                    ]
                                ]
                            ]
                        ]
                    ]
                ]
            ]
        ],
        "found_optimal": 8,
        "plans_are_equal": 2
    }
}