{
    "Graph with 12 nodes and 11 edges": {
        "solution": [
            {
                "(0, 3, 10)": 1,
                "(0, 4, 2)": 1,
                "(1, 6, 5)": 1,
                "(2, 6, 6)": 1,
                "(4, 6, 4)": 1,
                "(4, 7, 1)": 1,
                "(5, 7, 7)": 1,
                "(5, 11, 8)": 1,
                "(6, 10, 9)": 1,
                "(7, 8, 0)": 1,
                "(8, 9, 3)": 1
            }
        ],
        "join": [
            3,
            [
                10,
                [
                    11,
                    [
                        5,
                        [
                            2,
                            [
                                1,
                                [
                                    6,
                                    [
                                        9,
                                        [
                                            0,
                                            [
                                                4,
                                                [
                                                    7,
                                                    8
                                                ]
                                            ]
                                        ]
                                    ]
                                ]
                            ]
                        ]
                    ]
                ]
            ]
        ],
        "cost": 6713181463793019.0,
        "energy": -458.25399838172586,
        "estimation_size": 20,
        "time": 0.052988290786743164,
        "dynamic_programming_cost": 6550812277668614.0,
        "dynamic_programming_solution": [
            3,
            [
                10,
                [
                    9,
                    [
                        11,
                        [
                            5,
                            [
                                2,
                                [
                                    0,
                                    [
                                        6,
                                        [
                                            1,
                                            [
                                                4,
                                                [
                                                    8,
                                                    7
                                                ]
                                            ]
                                        ]
                                    ]
                                ]
                            ]
                        ]
                    ]
                ]
            ]
        ],
        "graph_aware_dynamic_programming_cost": 6552659606149344.0,
        "graph_aware_dynamic_programming_solution": [
            3,
            [
                10,
                [
                    9,
                    [
                        11,
                        [
                            5,
                            [
                                2,
                                [
                                    0,
                                    [
                                        [
                                            6,
                                            [
                                                4,
                                                [
                                                    8,
                                                    7
                                                ]
                                            ]
                                        ],
                                        1
                                    ]
                                ]
                            ]
                        ]
                    ]
                ]
            ]
        ],
        "greedy_cost": 6563433298379061.0,
        "greedy_solution": [
            3,
            [
                10,
                [
                    11,
                    [
                        5,
                        [
                            9,
                            [
                                2,
                                [
                                    6,
                                    [
                                        1,
                                        [
                                            0,
                                            [
                                                4,
                                                [
                                                    7,
                                                    8
                                                ]
                                            ]
                                        ]
                                    ]
                                ]
                            ]
                        ]
                    ]
                ]
            ]
        ],
        "graph_aware_greedy_cost": 6713181463793019.0,
        "graph_aware_greedy_solution": [
            3,
            [
                10,
                [
                    11,
                    [
                        5,
                        [
                            2,
                            [
                                1,
                                [
                                    6,
                                    [
                                        9,
                                        [
                                            0,
                                            [
                                                4,
                                                [
                                                    7,
                                                    8
                                                ]
                                            ]
                                        ]
                                    ]
                                ]
                            ]
                        ]
                    ]
                ]
            ]
        ],
        "found_optimal": 2,
        "plans_are_equal": 0
    }
}