{
    "Graph with 7 nodes and 6 edges": {
        "solution": [
            {
                "(0, 3, 2)": 1,
                "(0, 6, 1)": 1,
                "(1, 6, 4)": 1,
                "(2, 3, 3)": 1,
                "(3, 5, 5)": 1,
                "(4, 6, 0)": 1
            }
        ],
        "join": [
            5,
            [
                1,
                [
                    2,
                    [
                        3,
                        [
                            0,
                            [
                                4,
                                6
                            ]
                        ]
                    ]
                ]
            ]
        ],
        "cost": 2974666424.7776484,
        "energy": -258.72848505309224,
        "estimation_size": 60,
        "time": 376.4775834083557,
        "dynamic_programming_cost": 2961397707.8653355,
        "dynamic_programming_solution": [
            5,
            [
                3,
                [
                    2,
                    [
                        [
                            0,
                            [
                                6,
                                4
                            ]
                        ],
                        1
                    ]
                ]
            ]
        ],
        "graph_aware_dynamic_programming_cost": 2974666424.7776475,
        "graph_aware_dynamic_programming_solution": [
            5,
            [
                [
                    2,
                    [
                        3,
                        [
                            0,
                            [
                                6,
                                4
                            ]
                        ]
                    ]
                ],
                1
            ]
        ],
        "greedy_cost": 2961843514.291384,
        "greedy_solution": [
            5,
            [
                3,
                [
                    2,
                    [
                        1,
                        [
                            0,
                            [
                                4,
                                6
                            ]
                        ]
                    ]
                ]
            ]
        ],
        "graph_aware_greedy_cost": 2986645113.021806,
        "graph_aware_greedy_solution": [
            5,
            [
                2,
                [
                    3,
                    [
                        1,
                        [
                            0,
                            [
                                4,
                                6
                            ]
                        ]
                    ]
                ]
            ]
        ],
        "found_optimal": 8,
        "plans_are_equal": 7
    }
}