{
    "Graph with 15 nodes and 14 edges": {
        "solution": [
            {
                "(0, 8, 0)": 1,
                "(0, 1, 1)": 1,
                "(0, 12, 3)": 1,
                "(0, 10, 4)": 1,
                "(0, 13, 5)": 1,
                "(0, 4, 2)": 1,
                "(0, 2, 6)": 1,
                "(0, 6, 7)": 1,
                "(0, 9, 8)": 1,
                "(0, 11, 10)": 1,
                "(0, 14, 9)": 1,
                "(0, 5, 11)": 1,
                "(0, 7, 12)": 1,
                "(0, 3, 13)": 1
            }
        ],
        "join": [
            3,
            [
                7,
                [
                    5,
                    [
                        11,
                        [
                            14,
                            [
                                9,
                                [
                                    6,
                                    [
                                        2,
                                        [
                                            13,
                                            [
                                                10,
                                                [
                                                    12,
                                                    [
                                                        4,
                                                        [
                                                            1,
                                                            [
                                                                0,
                                                                8
                                                            ]
                                                        ]
                                                    ]
                                                ]
                                            ]
                                        ]
                                    ]
                                ]
                            ]
                        ]
                    ]
                ]
            ]
        ],
        "cost": 1.0813799007709258e+19,
        "time": 0.507157564163208,
        "estimation_size": 20,
        "optimal_cost": 1.0813799007709252e+19,
        "optimal_solution": [
            3,
            [
                7,
                [
                    5,
                    [
                        11,
                        [
                            14,
                            [
                                9,
                                [
                                    6,
                                    [
                                        2,
                                        [
                                            13,
                                            [
                                                [
                                                    12,
                                                    [
                                                        4,
                                                        [
                                                            1,
                                                            [
                                                                8,
                                                                0
                                                            ]
                                                        ]
                                                    ]
                                                ],
                                                10
                                            ]
                                        ]
                                    ]
                                ]
                            ]
                        ]
                    ]
                ]
            ]
        ],
        "graph_aware_dynamic_programming_cost": 1.0813799007709252e+19,
        "graph_aware_dynamic_programming_solution": [
            3,
            [
                7,
                [
                    5,
                    [
                        11,
                        [
                            14,
                            [
                                9,
                                [
                                    6,
                                    [
                                        2,
                                        [
                                            13,
                                            [
                                                [
                                                    12,
                                                    [
                                                        4,
                                                        [
                                                            1,
                                                            [
                                                                8,
                                                                0
                                                            ]
                                                        ]
                                                    ]
                                                ],
                                                10
                                            ]
                                        ]
                                    ]
                                ]
                            ]
                        ]
                    ]
                ]
            ]
        ],
        "greedy_cost": 1.0813799007709258e+19,
        "greedy_solution": [
            3,
            [
                7,
                [
                    5,
                    [
                        11,
                        [
                            14,
                            [
                                9,
                                [
                                    6,
                                    [
                                        2,
                                        [
                                            13,
                                            [
                                                10,
                                                [
                                                    12,
                                                    [
                                                        4,
                                                        [
                                                            1,
                                                            [
                                                                0,
                                                                8
                                                            ]
                                                        ]
                                                    ]
                                                ]
                                            ]
                                        ]
                                    ]
                                ]
                            ]
                        ]
                    ]
                ]
            ]
        ],
        "graph_aware_greedy_cost": 1.0813799007709258e+19,