{
    "Graph with 3 nodes and 2 edges": {
        "solution": [
            {
                "(0, 2, 1)": 1,
                "(0, 1, 0)": 1
            }
        ],
        "join": [
            2,
            [
                0,
                1
            ]
        ],
        "cost": 111226.97232703873,
        "time": 0.3075094223022461,
        "estimation_size": 200,
        "optimal_cost": 110929.6050678858,
        "optimal_solution": [
            2,
            [
                1,
                0
            ]
        ],
        "graph_aware_dynamic_programming_cost": 111226.97232703873,
        "graph_aware_dynamic_programming_solution": [
            2,
            [
                1,
                0
            ]
        ],
        "greedy_cost": 111226.97232703873,
        "greedy_solution": [
            2,
            [
                0,
                1
            ]
        ],
        "graph_aware_greedy_cost": 111226.97232703873,
        "graph_aware_greedy_solution": [
            2,
            [
                0,
                1
            ]
        ],
        "found_optimal": 18,
        "plans_are_equal": 18
    }
}