{
    "Graph with 8 nodes and 7 edges": {
        "solution": [
            {
                "(0, 5, 0)": 1,
                "(0, 1, 1)": 1,
                "(0, 3, 6)": 1,
                "(0, 7, 5)": 1,
                "(0, 4, 2)": 1,
                "(0, 2, 3)": 1,
                "(0, 6, 4)": 1
            }
        ],
        "join": [
            3,
            [
                7,
                [
                    6,
                    [
                        2,
                        [
                            4,
                            [
                                1,
                                [
                                    0,
                                    5
                                ]
                            ]
                        ]
                    ]
                ]
            ]
        ],
        "cost": 127126876471.87875,
        "time": 12.011540651321411,
        "estimation_size": 40,
        "optimal_cost": 127126876373.0296,
        "optimal_solution": [
            3,
            [
                [
                    [
                        2,
                        [
                            4,
                            [
                                1,
                                [
                                    5,
                                    0
                                ]
                            ]
                        ]
                    ],
                    6
                ],
                7
            ]
        ],
        "graph_aware_dynamic_programming_cost": 127126876373.0296,
        "graph_aware_dynamic_programming_solution": [
            3,
            [
                [
                    [
                        2,
                        [
                            4,
                            [
                                1,
                                [
                                    5,
                                    0
                                ]
                            ]
                        ]
                    ],
                    6
                ],
                7
            ]
        ],
        "greedy_cost": 127126876373.02965,
        "greedy_solution": [
            3,
            [
                7,
                [
                    6,
                    [
                        2,
                        [
                            4,
                            [
                                1,
                                [
                                    0,
                                    5
                                ]
                            ]
                        ]
                    ]
                ]
            ]
        ],
        "graph_aware_greedy_cost": 127126876373.02965,
        "graph_aware_greedy_solution": [
            3,
            [
                7,
                [
                    6,
                    [
                        2,
                        [
                            4,
                            [
                                1,
                                [
                                    0,
                                    5
                                ]
                            ]
                        ]
                    ]
                ]
            ]
        ],
        "found_optimal": 20,
        "plans_are_equal": 19
    }
}