{
    "Graph with 5 nodes and 5 edges": {
        "solution": [
            {
                "(1, 2, 1)": 1,
                "(3, 4, 3)": 1,
                "(0, 1, 0)": 1,
                "(0, 4, 2)": 1
            }
        ],
        "join": [
            3,
            [
                4,
                [
                    2,
                    [
                        0,
                        1
                    ]
                ]
            ]
        ],
        "cost": 9344230.840527266,
        "time": 6006.076582193375,
        "estimation_size": 200,
        "optimal_cost": 9335719.366603933,
        "optimal_solution": [
            3,
            [
                4,
                [
                    2,
                    [
                        1,
                        0
                    ]
                ]
            ]
        ],
        "graph_aware_dynamic_programming_cost": 9341534.343724808,
        "graph_aware_dynamic_programming_solution": [
            3,
            [
                4,
                [
                    2,
                    [
                        1,
                        0
                    ]
                ]
            ]
        ],
        "greedy_cost": 9340444.425068788,
        "greedy_solution": [
            3,
            [
                4,
                [
                    2,
                    [
                        0,
                        1
                    ]
                ]
            ]
        ],
        "graph_aware_greedy_cost": 9346259.402189663,
        "graph_aware_greedy_solution": [
            3,
            [
                4,
                [
                    2,
                    [
                        0,
                        1
                    ]
                ]
            ]
        ],
        "found_optimal": 14,
        "plans_are_equal": 14
    }
}