{
    "Graph with 13 nodes and 13 edges": {
        "solution": [
            {
                "(10, 11, 0)": 1,
                "(11, 12, 2)": 1,
                "(0, 12, 3)": 1,
                "(9, 10, 1)": 1,
                "(8, 9, 4)": 1,
                "(7, 8, 5)": 1,
                "(0, 1, 6)": 1,
                "(1, 2, 7)": 1,
                "(3, 4, 9)": 1,
                "(2, 3, 8)": 1,
                "(4, 5, 10)": 1,
                "(6, 7, 11)": 1
            }
        ],
        "join": [
            6,
            [
                5,
                [
                    4,
                    [
                        3,
                        [
                            2,
                            [
                                1,
                                [
                                    7,
                                    [
                                        8,
                                        [
                                            0,
                                            [
                                                12,
                                                [
                                                    9,
                                                    [
                                                        10,
                                                        11
                                                    ]
                                                ]
                                            ]
                                        ]
                                    ]
                                ]
                            ]
                        ]
                    ]
                ]
            ]
        ],
        "cost": 2.531696753019911e+16,
        "time": 0.4916958808898926,
        "estimation_size": 20,
        "optimal_cost": 2.504043170343585e+16,
        "optimal_solution": [
            6,
            [
                [
                    7,
                    [
                        8,
                        [
                            1,
                            [
                                2,
                                [
                                    3,
                                    [
                                        4,
                                        [
                                            0,
                                            [
                                                12,
                                                [
                                                    9,
                                                    [
                                                        11,
                                                        10
                                                    ]
                                                ]
                                            ]
                                        ]
                                    ]
                                ]
                            ]
                        ]
                    ]
                ],
                5
            ]
        ],
        "graph_aware_dynamic_programming_cost": 2.504134229165917e+16,
        "graph_aware_dynamic_programming_solution": [
            6,
            [
                5,
                [
                    7,
                    [
                        8,
                        [
                            [
                                3,
                                [
                                    2,
                                    [
                                        [
                                            0,
                                            [
                                                12,
                                                [
                                                    9,
                                                    [
                                                        11,
                                                        10
                                                    ]
                                                ]
                                            ]
                                        ],
                                        1
                                    ]
                                ]
                            ],
                            4
                        ]
                    ]
                ]
            ]
        ],
        "greedy_cost": 2.5094541822824156e+16,
        "greedy_solution": [
            6,
            [
                5,
                [
                    3,
                    [
                        4,
                        [
                            2,
                            [
                                1,
                                [
                                    7,
                                    [
                                        8,
                                        [
                                            0,
                                            [
                                                12,
                                                [
                                                    9,
                                                    [
                                                        10,
                                                        11
                                                    ]
                                                ]
                                            ]
                                        ]
                                    ]
                                ]
                            ]
                        ]
                    ]
                ]
            ]
        ],
        "graph_aware_greedy_cost": 2.531696753019911e+16,
        "graph_aware_greedy_solution": [
            6,
            [
                5,
                [
                    4,
                    [
                        3,
                        [
                            2,
                            [
                                1,
                                [
                                    7,
                                    [
                                        8,
                                        [
                                            0,
                                            [
                                                12,
                                                [
                                                    9,
                                                    [
                                                        10,
                                                        11
                                                    ]
                                                ]
                                            ]
                                        ]
                                    ]
                                ]
                            ]
                        ]
                    ]
                ]
            ]
        ],
        "found_optimal": 0,
        "plans_are_equal": 0
    }
}