{
    "Graph with 15 nodes and 15 edges": {
        "solution": [
            {
                "(1, 2, 1)": 1,
                "(2, 3, 2)": 1,
                "(3, 4, 3)": 1,
                "(0, 1, 0)": 1,
                "(4, 5, 4)": 1,
                "(5, 6, 5)": 1,
                "(6, 7, 6)": 1,
                "(0, 14, 7)": 1,
                "(13, 14, 8)": 1,
                "(12, 13, 9)": 1,
                "(11, 12, 10)": 1,
                "(10, 11, 11)": 1,
                "(9, 10, 12)": 1,
                "(8, 9, 13)": 1
            }
        ],
        "join": [
            8,
            [
                9,
                [
                    10,
                    [
                        11,
                        [
                            12,
                            [
                                13,
                                [
                                    14,
                                    [
                                        7,
                                        [
                                            6,
                                            [
                                                5,
                                                [
                                                    4,
                                                    [
                                                        3,
                                                        [
                                                            2,
                                                            [
                                                                0,
                                                                1
                                                            ]
                                                        ]
                                                    ]
                                                ]
                                            ]
                                        ]
                                    ]
                                ]
                            ]
                        ]
                    ]
                ]
            ]
        ],
        "cost": 1.0891699777371988e+18,
        "time": 0.5827805995941162,
        "estimation_size": 20,
        "optimal_cost": 9.73519622993887e+17,
        "optimal_solution": [
            14,
            [
                5,
                [
                    4,
                    [
                        3,
                        [
                            2,
                            [
                                10,
                                [
                                    11,
                                    [
                                        [
                                            13,
                                            [
                                                8,
                                                [
                                                    9,
                                                    [
                                                        1,
                                                        [
                                                            0,
                                                            [
                                                                7,
                                                                6
                                                            ]
                                                        ]
                                                    ]
                                                ]
                                            ]
                                        ],
                                        12
                                    ]
                                ]
                            ]
                        ]
                    ]
                ]
            ]
        ],
        "graph_aware_dynamic_programming_cost": 9.738592750192477e+17,
        "graph_aware_dynamic_programming_solution": [
            5,
            [
                [
                    3,
                    [
                        2,
                        [
                            1,
                            [
                                0,
                                [
                                    14,
                                    [
                                        13,
                                        [
                                            12,
                                            [
                                                11,
                                                [
                                                    10,
                                                    [
                                                        9,
                                                        [
                                                            8,
                                                            [
                                                                7,
                                                                6
                                                            ]
                                                        ]
                                                    ]
                                                ]
                                            ]
                                        ]
                                    ]
                                ]
                            ]
                        ]
                    ]
                ],
                4
            ]
        ],
        "greedy_cost": 9.824157165938697e+17,
        "greedy_solution": [
            7,
            [
                6,
                [
                    10,
                    [
                        11,
                        [
                            8,
                            [
                                9,
                                [
                                    5,
                                    [
                                        4,
                                        [
                                            12,
                                            [
                                                14,
                                                [
                                                    13,
                                                    [
                                                        3,
                                                        [
                                                            2,
                                                            [
                                                                0,
                                                                1
                                                            ]
                                                        ]
                                                    ]
                                                ]
                                            ]
                                        ]
                                    ]
                                ]
                            ]
                        ]
                    ]
                ]
            ]
        ],
        "graph_aware_greedy_cost": 1.0891699777371988e+18,