{
    "Graph with 8 nodes and 8 edges": {
        "solution": [
            {
                "(2, 3, 1)": 1,
                "(3, 4, 0)": 1,
                "(4, 5, 4)": 1,
                "(5, 6, 5)": 1,
                "(1, 2, 2)": 1,
                "(6, 7, 6)": 1,
                "(0, 1, 3)": 1
            }
        ],
        "join": [
            7,
            [
                6,
                [
                    5,
                    [
                        0,
                        [
                            1,
                            [
                                2,
                                [
                                    3,
                                    4
                                ]
                            ]
                        ]
                    ]
                ]
            ]
        ],
        "cost": 43249976793.94209,
        "time": 641.2423708438873,
        "estimation_size": 46,
        "optimal_cost": 43232432942.69772,
        "optimal_solution": [
            5,
            [
                7,
                [
                    6,
                    [
                        0,
                        [
                            1,
                            [
                                2,
                                [
                                    4,
                                    3
                                ]
                            ]
                        ]
                    ]
                ]
            ]
        ],
        "graph_aware_dynamic_programming_cost": 43237886035.99794,
        "graph_aware_dynamic_programming_solution": [
            5,
            [
                [
                    7,
                    [
                        0,
                        [
                            1,
                            [
                                2,
                                [
                                    4,
                                    3
                                ]
                            ]
                        ]
                    ]
                ],
                6
            ]
        ],
        "greedy_cost": 43249391664.51022,
        "greedy_solution": [
            7,
            [
                6,
                [
                    5,
                    [
                        3,
                        [
                            4,
                            [
                                2,
                                [
                                    0,
                                    1
                                ]
                            ]
                        ]
                    ]
                ]
            ]
        ],
        "graph_aware_greedy_cost": 43257887977.03752,
        "graph_aware_greedy_solution": [
            7,
            [
                6,
                [
                    5,
                    [
                        4,
                        [
                            3,
                            [
                                2,
                                [
                                    0,
                                    1
                                ]
                            ]
                        ]
                    ]
                ]
            ]
        ],
        "found_optimal": 5,
        "plans_are_equal": 5
    }
}