{
    "Graph with 14 nodes and 14 edges": {
        "solution": [
            {
                "(9, 10, 0)": 1,
                "(8, 9, 1)": 1,
                "(10, 11, 2)": 1,
                "(7, 8, 3)": 1,
                "(11, 12, 5)": 1,
                "(6, 7, 4)": 1,
                "(0, 13, 7)": 1,
                "(12, 13, 6)": 1,
                "(0, 1, 8)": 1,
                "(2, 3, 10)": 1,
                "(3, 4, 11)": 1,
                "(1, 2, 9)": 1,
                "(5, 6, 12)": 1
            }
        ],
        "join": [
            5,
            [
                4,
                [
                    3,
                    [
                        2,
                        [
                            1,
                            [
                                0,
                                [
                                    13,
                                    [
                                        12,
                                        [
                                            6,
                                            [
                                                7,
                                                [
                                                    11,
                                                    [
                                                        8,
                                                        [
                                                            9,
                                                            10
                                                        ]
                                                    ]
                                                ]
                                            ]
                                        ]
                                    ]
                                ]
                            ]
                        ]
                    ]
                ]
            ]
        ],
        "cost": 6.23178827193913e+16,
        "time": 0.5147044658660889,
        "estimation_size": 20,
        "optimal_cost": 6.162568472415314e+16,
        "optimal_solution": [
            5,
            [
                4,
                [
                    6,
                    [
                        7,
                        [
                            8,
                            [
                                3,
                                [
                                    2,
                                    [
                                        11,
                                        [
                                            12,
                                            [
                                                13,
                                                [
                                                    [
                                                        0,
                                                        [
                                                            10,
                                                            9
                                                        ]
                                                    ],
                                                    1
                                                ]
                                            ]
                                        ]
                                    ]
                                ]
                            ]
                        ]
                    ]
                ]
            ]
        ],
        "graph_aware_dynamic_programming_cost": 6.1633413129648616e+16,
        "graph_aware_dynamic_programming_solution": [
            5,
            [
                4,
                [
                    6,
                    [
                        7,
                        [
                            8,
                            [
                                3,
                                [
                                    2,
                                    [
                                        1,
                                        [
                                            [
                                                13,
                                                [
                                                    12,
                                                    [
                                                        11,
                                                        [
                                                            10,
                                                            9
                                                        ]
                                                    ]
                                                ]
                                            ],
                                            0
                                        ]
                                    ]
                                ]
                            ]
                        ]
                    ]
                ]
            ]
        ],
        "greedy_cost": 6.277370499537861e+16,
        "greedy_solution": [
            5,
            [
                4,
                [
                    6,
                    [
                        7,
                        [
                            3,
                            [
                                2,
                                [
                                    12,
                                    [
                                        13,
                                        [
                                            1,
                                            [
                                                0,
                                                [
                                                    11,
                                                    [
                                                        8,
                                                        [
                                                            9,
                                                            10
                                                        ]
                                                    ]
                                                ]
                                            ]
                                        ]
                                    ]
                                ]
                            ]
                        ]
                    ]
                ]
            ]
        ],
        "graph_aware_greedy_cost": 6.23178827193913e+16,