{
    "Graph with 7 nodes and 7 edges": {
        "solution": [
            {
                "(4, 5, 0)": 1,
                "(0, 6, 2)": 1,
                "(5, 6, 1)": 1,
                "(2, 3, 5)": 1,
                "(0, 1, 3)": 1,
                "(1, 2, 4)": 1
            }
        ],
        "join": [
            3,
            [
                2,
                [
                    1,
                    [
                        0,
                        [
                            6,
                            [
                                4,
                                5
                            ]
                        ]
                    ]
                ]
            ]
        ],
        "cost": 1458562539.7771454,
        "time": 2373.35169172287,
        "estimation_size": 62,
        "optimal_cost": 1458129229.2952874,
        "optimal_solution": [
            3,
            [
                2,
                [
                    6,
                    [
                        1,
                        [
                            0,
                            [
                                5,
                                4
                            ]
                        ]
                    ]
                ]
            ]
        ],
        "graph_aware_dynamic_programming_cost": 1458392020.8515828,
        "graph_aware_dynamic_programming_solution": [
            3,
            [
                [
                    1,
                    [
                        [
                            6,
                            [
                                5,
                                4
                            ]
                        ],
                        0
                    ]
                ],
                2
            ]
        ],
        "greedy_cost": 1458802756.3736382,
        "greedy_solution": [
            3,
            [
                6,
                [
                    5,
                    [
                        4,
                        [
                            2,
                            [
                                0,
                                1
                            ]
                        ]
                    ]
                ]
            ]
        ],
        "graph_aware_greedy_cost": 1460796393.5235093,
        "graph_aware_greedy_solution": [
            3,
            [
                4,
                [
                    5,
                    [
                        6,
                        [
                            2,
                            [
                                0,
                                1
                            ]
                        ]
                    ]
                ]
            ]
        ],
        "found_optimal": 11,
        "plans_are_equal": 10
    }
}