{
    "Graph with 9 nodes and 9 edges": {
        "solution": [
            {
                "(1, 2, 2)": 1,
                "(2, 3, 3)": 1,
                "(3, 4, 4)": 1,
                "(0, 8, 0)": 1,
                "(0, 1, 1)": 1,
                "(4, 5, 5)": 1,
                "(6, 7, 7)": 1,
                "(5, 6, 6)": 1
            }
        ],
        "join": [
            7,
            [
                6,
                [
                    5,
                    [
                        4,
                        [
                            3,
                            [
                                2,
                                [
                                    1,
                                    [
                                        0,
                                        8
                                    ]
                                ]
                            ]
                        ]
                    ]
                ]
            ]
        ],
        "cost": 243632613552.33853,
        "time": 395.80639004707336,
        "estimation_size": 40,
        "optimal_cost": 243608149974.9533,
        "optimal_solution": [
            7,
            [
                3,
                [
                    4,
                    [
                        2,
                        [
                            6,
                            [
                                5,
                                [
                                    1,
                                    [
                                        8,
                                        0
                                    ]
                                ]
                            ]
                        ]
                    ]
                ]
            ]
        ],
        "graph_aware_dynamic_programming_cost": 243616731437.54535,
        "graph_aware_dynamic_programming_solution": [
            7,
            [
                6,
                [
                    5,
                    [
                        4,
                        [
                            [
                                2,
                                [
                                    1,
                                    [
                                        8,
                                        0
                                    ]
                                ]
                            ],
                            3
                        ]
                    ]
                ]
            ]
        ],
        "greedy_cost": 243819617283.12137,
        "greedy_solution": [
            7,
            [
                6,
                [
                    5,
                    [
                        4,
                        [
                            3,
                            [
                                2,
                                [
                                    1,
                                    [
                                        0,
                                        8
                                    ]
                                ]
                            ]
                        ]
                    ]
                ]
            ]
        ],
        "graph_aware_greedy_cost": 244157871035.13647,
        "graph_aware_greedy_solution": [
            7,
            [
                6,
                [
                    5,
                    [
                        4,
                        [
                            3,
                            [
                                2,
                                [
                                    1,
                                    [
                                        0,
                                        8
                                    ]
                                ]
                            ]
                        ]
                    ]
                ]
            ]
        ],
        "found_optimal": 12,
        "plans_are_equal": 6
    }
}