{
    "Graph with 6 nodes and 5 edges": {
        "solution": [
            {
                "(0, 2, 1)": 1,
                "(3, 4, 4)": 1,
                "(1, 3, 3)": 1,
                "(0, 3, 2)": 1,
                "(2, 5, 0)": 1
            }
        ],
        "join": [
            4,
            [
                1,
                [
                    3,
                    [
                        0,
                        [
                            2,
                            5
                        ]
                    ]
                ]
            ]
        ],
        "cost": 213736864.62191036,
        "time": 1239.683143377304,
        "estimation_size": 11,
        "optimal_cost": 212524226.26107624,
        "optimal_solution": [
            [
                3,
                [
                    1,
                    [
                        0,
                        [
                            5,
                            2
                        ]
                    ]
                ]
            ],
            4
        ],
        "graph_aware_dynamic_programming_cost": 213736864.6219103,
        "graph_aware_dynamic_programming_solution": [
            4,
            [
                1,
                [
                    3,
                    [
                        0,
                        [
                            5,
                            2
                        ]
                    ]
                ]
            ]
        ],
        "greedy_cost": 214821256.84143957,
        "greedy_solution": [
            4,
            [
                3,
                [
                    1,
                    [
                        0,
                        [
                            2,
                            5
                        ]
                    ]
                ]
            ]
        ],
        "graph_aware_greedy_cost": 215947052.71428198,
        "graph_aware_greedy_solution": [
            4,
            [
                1,
                [
                    3,
                    [
                        0,
                        [
                            2,
                            5
                        ]
                    ]
                ]
            ]
        ],
        "found_optimal": 2,
        "plans_are_equal": 2
    }
}