{
    "Graph with 8 nodes and 7 edges": {
        "solution": {
            "(6, 7, 6)": 1,
            "(3, 4, 0)": 1,
            "(0, 1, 5)": 1,
            "(5, 6, 4)": 1,
            "(4, 5, 1)": 1,
            "(2, 3, 2)": 1,
            "(1, 2, 3)": 1
        },
        "join": [
            7,
            [
                0,
                [
                    6,
                    [
                        1,
                        [
                            2,
                            [
                                5,
                                [
                                    3,
                                    4
                                ]
                            ]
                        ]
                    ]
                ]
            ]
        ],
        "cost": 1011571243.6963412,
        "time": 120.38472008705139,
        "optimal_cost": 1008279467.3943241,
        "optimal_solution": [
            7,
            [
                3,
                [
                    6,
                    [
                        [
                            1,
                            [
                                0,
                                [
                                    5,
                                    4
                                ]
                            ]
                        ],
                        2
                    ]
                ]
            ]
        ],
        "found_optimal": false,
        "plans_are_equal": false,
        "greedy_cost": 1008291365.82679,
        "greedy_solution": [
            7,
            [
                3,
                [
                    6,
                    [
                        5,
                        [
                            4,
                            [
                                2,
                                [
                                    0,
                                    1
                                ]
                            ]
                        ]
                    ]
                ]
            ]
        ]
    }
}