{
    "Graph with 5 nodes and 4 edges": {
        "solution": {
            "(0, 2, 1)": 1,
            "(0, 4, 2)": 1,
            "(0, 1, 0)": 1,
            "(0, 3, 3)": 1
        },
        "join": [
            3,
            [
                4,
                [
                    2,
                    [
                        0,
                        1
                    ]
                ]
            ]
        ],
        "cost": 249066.0389758552,
        "time": 23.440191745758057,
        "optimal_cost": 249066.03897585516,
        "optimal_solution": [
            3,
            [
                [
                    2,
                    [
                        1,
                        0
                    ]
                ],
                4
            ]
        ],
        "found_optimal": true,
        "plans_are_equal": true,
        "greedy_cost": 249066.0389758552,
        "greedy_solution": [
            3,
            [
                4,
                [
                    2,
                    [
                        0,
                        1
                    ]
                ]
            ]
        ]
    }
}