{
    "Graph with 6 nodes and 15 edges": {
        "solution": [
            {
                "(0, 1, 3)": 1,
                "(0, 3, 1)": 1,
                "(0, 4, 0)": 1,
                "(2, 4, 4)": 1,
                "(4, 5, 2)": 1
            }
        ],
        "join": [
            2,
            [
                1,
                [
                    5,
                    [
                        3,
                        [
                            0,
                            4
                        ]
                    ]
                ]
            ]
        ],
        "cost": 724137.9144915973,
        "energy": -196.0458282633924,
        "estimation_size": 20,
        "time": 19.688095331192017,
        "dynamic_programming_cost": 714314.7569219666,
        "dynamic_programming_solution": [
            2,
            [
                1,
                [
                    5,
                    [
                        3,
                        [
                            4,
                            0
                        ]
                    ]
                ]
            ]
        ],
        "graph_aware_dynamic_programming_cost": 714314.7569219666,
        "graph_aware_dynamic_programming_solution": [
            2,
            [
                1,
                [
                    5,
                    [
                        3,
                        [
                            4,
                            0
                        ]
                    ]
                ]
            ]
        ],
        "greedy_cost": 724137.9144915973,
        "greedy_solution": [
            2,
            [
                1,
                [
                    5,
                    [
                        3,
                        [
                            0,
                            4
                        ]
                    ]
                ]
            ]
        ],
        "graph_aware_greedy_cost": 724137.9144915973,
        "graph_aware_greedy_solution": [
            2,
            [
                1,
                [
                    5,
                    [
                        3,
                        [
                            0,
                            4
                        ]
                    ]
                ]
            ]
        ],
        "found_optimal": 14,
        "plans_are_equal": 14
    }
}