{
    "Graph with 9 nodes and 36 edges": {
        "solution": [
            {
                "(0, 1, 2)": 1,
                "(0, 3, 7)": 1,
                "(0, 4, 5)": 1,
                "(0, 6, 3)": 1,
                "(0, 7, 6)": 1,
                "(0, 8, 4)": 1,
                "(1, 2, 1)": 1,
                "(1, 5, 0)": 1
            }
        ],
        "join": [
            3,
            [
                7,
                [
                    4,
                    [
                        8,
                        [
                            6,
                            [
                                0,
                                [
                                    2,
                                    [
                                        1,
                                        5
                                    ]
                                ]
                            ]
                        ]
                    ]
                ]
            ]
        ],
        "cost": 5031.0128056184285,
        "energy": -355.42399374644674,
        "estimation_size": 20,
        "time": 0.01657271385192871,
        "dynamic_programming_cost": 3853.3124886548335,
        "dynamic_programming_solution": [
            3,
            [
                7,
                [
                    4,
                    [
                        8,
                        [
                            6,
                            [
                                0,
                                [
                                    2,
                                    [
                                        5,
                                        1
                                    ]
                                ]
                            ]
                        ]
                    ]
                ]
            ]
        ],
        "graph_aware_dynamic_programming_cost": 3853.3124886548335,
        "graph_aware_dynamic_programming_solution": [
            3,
            [
                7,
                [
                    4,
                    [
                        8,
                        [
                            6,
                            [
                                0,
                                [
                                    2,
                                    [
                                        5,
                                        1
                                    ]
                                ]
                            ]
                        ]
                    ]
                ]
            ]
        ],
        "greedy_cost": 5031.0128056184285,
        "greedy_solution": [
            3,
            [
                7,
                [
                    4,
                    [
                        8,
                        [
                            6,
                            [
                                0,
                                [
                                    2,
                                    [
                                        1,
                                        5
                                    ]
                                ]
                            ]
                        ]
                    ]
                ]
            ]
        ],
        "graph_aware_greedy_cost": 5031.0128056184285,
        "graph_aware_greedy_solution": [
            3,
            [
                7,
                [
                    4,
                    [
                        8,
                        [
                            6,
                            [
                                0,
                                [
                                    2,
                                    [
                                        1,
                                        5
                                    ]
                                ]
                            ]
                        ]
                    ]
                ]
            ]
        ],
        "found_optimal": 11,
        "plans_are_equal": 11
    }
}