{
    "Graph with 4 nodes and 6 edges": {
        "solution": [
            {
                "(0, 1, 2)": 1,
                "(1, 2, 0)": 1,
                "(2, 3, 1)": 1
            }
        ],
        "join": [
            0,
            [
                3,
                [
                    1,
                    2
                ]
            ]
        ],
        "cost": 75334.05518912344,
        "energy": -152.2940511190926,
        "estimation_size": 200,
        "time": 160.00642919540405,
        "dynamic_programming_cost": 75334.05518912344,
        "dynamic_programming_solution": [
            0,
            [
                3,
                [
                    2,
                    1
                ]
            ]
        ],
        "graph_aware_dynamic_programming_cost": 75334.05518912344,
        "graph_aware_dynamic_programming_solution": [
            0,
            [
                3,
                [
                    2,
                    1
                ]
            ]
        ],
        "greedy_cost": 76014.62288440662,
        "greedy_solution": [
            0,
            [
                3,
                [
                    1,
                    2
                ]
            ]
        ],
        "graph_aware_greedy_cost": 76014.62288440662,
        "graph_aware_greedy_solution": [
            0,
            [
                3,
                [
                    1,
                    2
                ]
            ]
        ],
        "found_optimal": 20,
        "plans_are_equal": 20
    }
}