{
    "Graph with 5 nodes and 7 edges": {
        "solution": [
            {
                "(0, 4, 0)": 1,
                "(1, 3, 3)": 1,
                "(2, 3, 2)": 1,
                "(3, 4, 1)": 1
            }
        ],
        "join": [
            1,
            [
                2,
                [
                    3,
                    [
                        0,
                        4
                    ]
                ]
            ]
        ],
        "cost": 13691990.245664576,
        "energy": -179.99251636768946,
        "estimation_size": 60,
        "time": 2192.6677927970886,
        "dynamic_programming_cost": 13685116.543718062,
        "dynamic_programming_solution": [
            1,
            [
                2,
                [
                    3,
                    [
                        0,
                        4
                    ]
                ]
            ]
        ],
        "graph_aware_dynamic_programming_cost": 13691990.245664574,
        "graph_aware_dynamic_programming_solution": [
            1,
            [
                2,
                [
                    3,
                    [
                        0,
                        4
                    ]
                ]
            ]
        ],
        "greedy_cost": 13687249.149673551,
        "greedy_solution": [
            1,
            [
                2,
                [
                    3,
                    [
                        0,
                        4
                    ]
                ]
            ]
        ],
        "graph_aware_greedy_cost": 13694080.817365525,
        "graph_aware_greedy_solution": [
            1,
            [
                2,
                [
                    3,
                    [
                        0,
                        4
                    ]
                ]
            ]
        ],
        "found_optimal": 17,
        "plans_are_equal": 17
    }
}