{
    "Graph with 5 nodes and 5 edges": {
        "solution": [
            {
                "(1, 2, 1)": 1,
                "(3, 4, 3)": 1,
                "(0, 1, 0)": 1,
                "(0, 4, 2)": 1
            }
        ],
        "join": [
            3,
            [
                4,
                [
                    2,
                    [
                        0,
                        1
                    ]
                ]
            ]
        ],
        "cost": 8764494.470257968,
        "time": 5406.216506958008,
        "estimation_size": 18,
        "optimal_cost": 8758699.214168992,
        "optimal_solution": [
            3,
            [
                4,
                [
                    2,
                    [
                        1,
                        0
                    ]
                ]
            ]
        ],
        "graph_aware_dynamic_programming_cost": 8764494.470257968,
        "graph_aware_dynamic_programming_solution": [
            3,
            [
                4,
                [
                    2,
                    [
                        1,
                        0
                    ]
                ]
            ]
        ],
        "greedy_cost": 8763424.272633847,
        "greedy_solution": [
            3,
            [
                4,
                [
                    2,
                    [
                        0,
                        1
                    ]
                ]
            ]
        ],
        "graph_aware_greedy_cost": 8769219.528722823,
        "graph_aware_greedy_solution": [
            3,
            [
                4,
                [
                    2,
                    [
                        0,
                        1
                    ]
                ]
            ]
        ],
        "found_optimal": 16,
        "plans_are_equal": 16
    }
}