{
    "Graph with 4 nodes and 5 edges": {
        "solution": [
            {
                "(2, 3, 0)": 1,
                "(1, 2, 1)": 1,
                "(0, 2, 2)": 1
            }
        ],
        "join": [
            0,
            [
                1,
                [
                    2,
                    3
                ]
            ]
        ],
        "cost": 964806.6861334539,
        "time": 332.98579835891724,
        "estimation_size": 19,
        "optimal_cost": 964806.6861334539,
        "optimal_solution": [
            0,
            [
                1,
                [
                    3,
                    2
                ]
            ]
        ],
        "graph_aware_dynamic_programming_cost": 964806.6861334539,
        "graph_aware_dynamic_programming_solution": [
            0,
            [
                1,
                [
                    3,
                    2
                ]
            ]
        ],
        "greedy_cost": 964806.6861334539,
        "greedy_solution": [
            0,
            [
                1,
                [
                    2,
                    3
                ]
            ]
        ],
        "graph_aware_greedy_cost": 964806.6861334539,
        "graph_aware_greedy_solution": [
            0,
            [
                1,
                [
                    2,
                    3
                ]
            ]
        ],
        "found_optimal": 19,
        "plans_are_equal": 19
    }
}