{
    "Graph with 4 nodes and 4 edges": {
        "solution": {
            "(0, 3, 1)": 1,
            "(1, 2, 2)": 1,
            "(2, 3, 0)": 1
        },
        "join": [
            1,
            [
                0,
                [
                    2,
                    3
                ]
            ]
        ],
        "cost": 1341.7649206973952,
        "energy": -6.967901437503497,
        "time": 0.009999990463256836,
        "optimal_cost": 1341.7649206973952,
        "optimal_solution": [
            1,
            [
                0,
                [
                    2,
                    3
                ]
            ]
        ],
        "found_optimal": true,
        "plans_are_equal": true
    }
}