{
    "Graph with 4 nodes and 6 edges": {
        "solution": {
            "(0, 1, 2)": 1,
            "(1, 2, 0)": 1,
            "(2, 3, 1)": 1
        },
        "join": [
            0,
            [
                3,
                [
                    1,
                    2
                ]
            ]
        ],
        "cost": 61.41654470704924,
        "energy": -7.921479449364982,
        "time": 7.822230100631714,
        "optimal_cost": 61.41654470704924,
        "optimal_solution": [
            0,
            [
                3,
                [
                    2,
                    1
                ]
            ]
        ],
        "found_optimal": true,
        "plans_are_equal": true
    }
}