{
    "Graph with 10 nodes and 9 edges": {
        "solution": {
            "(6, 7, 2)": 1,
            "(7, 8, 1)": 1,
            "(1, 6, 3)": 1,
            "(2, 6, 4)": 1,
            "(4, 9, 6)": 1,
            "(0, 3, 8)": 1,
            "(0, 4, 7)": 1,
            "(5, 8, 0)": 1,
            "(4, 6, 5)": 1
        },
        "join": [
            3,
            [
                0,
                [
                    9,
                    [
                        4,
                        [
                            2,
                            [
                                1,
                                [
                                    6,
                                    [
                                        7,
                                        [
                                            5,
                                            8
                                        ]
                                    ]
                                ]
                            ]
                        ]
                    ]
                ]
            ]
        ],
        "cost": 28600961496.923855,
        "optimal_cost": 28571125295.263695,
        "optimal_solution": [
            3,
            [
                7,
                [
                    9,
                    [
                        0,
                        [
                            4,
                            [
                                1,
                                [
                                    6,
                                    [
                                        2,
                                        [
                                            8,
                                            5
                                        ]
                                    ]
                                ]
                            ]
                        ]
                    ]
                ]
            ]
        ],
        "found_optimal": false,
        "plans_are_equal": false
    }
}