{
    "Graph with 8 nodes and 8 edges": {
        "solution": {
            "(2, 3, 1)": 1,
            "(3, 4, 0)": 1,
            "(0, 7, 4)": 1,
            "(0, 1, 3)": 1,
            "(1, 2, 2)": 1,
            "(6, 7, 5)": 1,
            "(5, 6, 6)": 1
        },
        "join": [
            5,
            [
                6,
                [
                    7,
                    [
                        0,
                        [
                            1,
                            [
                                2,
                                [
                                    3,
                                    4
                                ]
                            ]
                        ]
                    ]
                ]
            ]
        ],
        "cost": 180154503.98934644,
        "optimal_cost": 179177196.09849486,
        "optimal_solution": [
            5,
            [
                7,
                [
                    6,
                    [
                        0,
                        [
                            1,
                            [
                                2,
                                [
                                    4,
                                    3
                                ]
                            ]
                        ]
                    ]
                ]
            ]
        ],
        "found_optimal": false,
        "plans_are_equal": false
    }
}