{
    "Graph with 14 nodes and 14 edges": {
        "solution": {
            "(10, 11, 1)": 1,
            "(9, 10, 0)": 1,
            "(1, 2, 6)": 1,
            "(2, 3, 7)": 1,
            "(11, 12, 2)": 1,
            "(12, 13, 3)": 1,
            "(0, 1, 5)": 1,
            "(0, 13, 4)": 1,
            "(4, 5, 9)": 1,
            "(3, 4, 8)": 1,
            "(6, 7, 11)": 1,
            "(5, 6, 10)": 1,
            "(7, 8, 12)": 1
        },
        "join": [
            8,
            [
                7,
                [
                    6,
                    [
                        5,
                        [
                            4,
                            [
                                3,
                                [
                                    2,
                                    [
                                        1,
                                        [
                                            0,
                                            [
                                                13,
                                                [
                                                    12,
                                                    [
                                                        11,
                                                        [
                                                            9,
                                                            10
                                                        ]
                                                    ]
                                                ]
                                            ]
                                        ]
                                    ]
                                ]
                            ]
                        ]
                    ]
                ]
            ]
        ],
        "cost": 135223443827.33217,
        "optimal_cost": 64231949380.47623,
        "optimal_solution": [
            5,
            [
                4,
                [
                    6,
                    [
                        7,
                        [
                            8,
                            [
                                3,
                                [
                                    2,
                                    [
                                        11,
                                        [
                                            12,
                                            [
                                                13,
                                                [
                                                    [
                                                        0,
                                                        [
                                                            10,
                                                            9
                                                        ]
                                                    ],
                                                    1
                                                ]
                                            ]
                                        ]
                                    ]
                                ]
                            ]
                        ]
                    ]
                ]
            ]
        ],
        "found_optimal": false,
        "plans_are_equal": false
    }
}