{
    "Graph with 8 nodes and 7 edges": {
        "solution": {
            "(1, 2, 1)": 1,
            "(2, 3, 2)": 1,
            "(5, 6, 5)": 1,
            "(4, 5, 4)": 1,
            "(6, 7, 6)": 1,
            "(3, 4, 3)": 1,
            "(0, 1, 0)": 1
        },
        "join": [
            7,
            [
                6,
                [
                    5,
                    [
                        4,
                        [
                            3,
                            [
                                2,
                                [
                                    0,
                                    1
                                ]
                            ]
                        ]
                    ]
                ]
            ]
        ],
        "cost": 1008879382.9676241,
        "optimal_cost": 1008279467.3943241,
        "optimal_solution": [
            7,
            [
                3,
                [
                    6,
                    [
                        [
                            1,
                            [
                                0,
                                [
                                    5,
                                    4
                                ]
                            ]
                        ],
                        2
                    ]
                ]
            ]
        ],
        "found_optimal": false,
        "plans_are_equal": false
    }
}