{
    "Graph with 8 nodes and 7 edges": {
        "solution": {
            "(0, 3, 6)": 1,
            "(0, 4, 5)": 1,
            "(2, 6, 1)": 1,
            "(1, 6, 2)": 1,
            "(5, 6, 0)": 1,
            "(6, 7, 3)": 1,
            "(4, 7, 4)": 1
        },
        "join": [
            3,
            [
                0,
                [
                    4,
                    [
                        7,
                        [
                            1,
                            [
                                2,
                                [
                                    5,
                                    6
                                ]
                            ]
                        ]
                    ]
                ]
            ]
        ],
        "cost": 1003591985.3926764,
        "optimal_cost": 1001819124.8225763,
        "optimal_solution": [
            3,
            [
                [
                    1,
                    [
                        6,
                        [
                            2,
                            [
                                0,
                                [
                                    7,
                                    4
                                ]
                            ]
                        ]
                    ]
                ],
                5
            ]
        ],
        "found_optimal": false,
        "plans_are_equal": false
    }
}