{
    "Graph with 10 nodes and 10 edges": {
        "solution": {
            "(5, 6, 0)": 1,
            "(4, 5, 1)": 1,
            "(0, 1, 5)": 1,
            "(1, 2, 4)": 1,
            "(3, 4, 2)": 1,
            "(2, 3, 3)": 1,
            "(0, 9, 6)": 1,
            "(8, 9, 7)": 1,
            "(7, 8, 8)": 1
        },
        "join": [
            7,
            [
                8,
                [
                    9,
                    [
                        0,
                        [
                            1,
                            [
                                2,
                                [
                                    3,
                                    [
                                        4,
                                        [
                                            5,
                                            6
                                        ]
                                    ]
                                ]
                            ]
                        ]
                    ]
                ]
            ]
        ],
        "cost": 19359278520.332466,
        "optimal_cost": 19359253045.827797,
        "optimal_solution": [
            7,
            [
                8,
                [
                    9,
                    [
                        0,
                        [
                            1,
                            [
                                4,
                                [
                                    [
                                        2,
                                        [
                                            6,
                                            5
                                        ]
                                    ],
                                    3
                                ]
                            ]
                        ]
                    ]
                ]
            ]
        ],
        "found_optimal": false,
        "plans_are_equal": false
    }
}