{
    "Graph with 11 nodes and 11 edges": {
        "solution": {
            "(0, 10, 1)": 1,
            "(0, 1, 0)": 1,
            "(8, 9, 3)": 1,
            "(9, 10, 2)": 1,
            "(7, 8, 4)": 1,
            "(6, 7, 5)": 1,
            "(5, 6, 6)": 1,
            "(4, 5, 7)": 1,
            "(3, 4, 8)": 1,
            "(2, 3, 9)": 1
        },
        "join": [
            2,
            [
                3,
                [
                    4,
                    [
                        5,
                        [
                            6,
                            [
                                7,
                                [
                                    8,
                                    [
                                        9,
                                        [
                                            10,
                                            [
                                                0,
                                                1
                                            ]
                                        ]
                                    ]
                                ]
                            ]
                        ]
                    ]
                ]
            ]
        ],
        "cost": 4705667701.023226,
        "optimal_cost": 2610345275.419201,
        "optimal_solution": [
            7,
            [
                6,
                [
                    3,
                    [
                        8,
                        [
                            10,
                            [
                                9,
                                [
                                    [
                                        4,
                                        [
                                            2,
                                            [
                                                1,
                                                0
                                            ]
                                        ]
                                    ],
                                    5
                                ]
                            ]
                        ]
                    ]
                ]
            ]
        ],
        "found_optimal": false,
        "plans_are_equal": false
    }
}