{
    "Graph with 9 nodes and 8 edges": {
        "solution": {
            "(0, 4, 2)": 1,
            "(0, 7, 1)": 1,
            "(0, 6, 0)": 1,
            "(0, 1, 4)": 1,
            "(0, 5, 3)": 1,
            "(0, 6, 5)": 1,
            "(0, 7, 5)": 1,
            "(0, 8, 6)": 1,
            "(0, 2, 7)": 1
        },
        "join": [
            2,
            [
                8,
                [
                    1,
                    [
                        5,
                        [
                            4,
                            [
                                7,
                                [
                                    0,
                                    6
                                ]
                            ]
                        ]
                    ]
                ]
            ]
        ],
        "cost": 1635557.1610129795,
        "optimal_cost": 15766889.203249935,
        "optimal_solution": [
            [
                3,
                [
                    5,
                    [
                        6,
                        [
                            [
                                [
                                    1,
                                    [
                                        2,
                                        0
                                    ]
                                ],
                                7
                            ],
                            4
                        ]
                    ]
                ]
            ],
            8
        ],
        "found_optimal": false,
        "plans_are_equal": false
    }
}