{
    "Graph with 6 nodes and 5 edges": {
        "solution": [
            {
                "(1, 2, 1)": 1,
                "(2, 3, 2)": 1,
                "(1, 2, 3)": 1,
                "(3, 4, 3)": 1,
                "(4, 5, 4)": 1,
                "(1, 2, 2)": 1,
                "(4, 5, 3)": 1,
                "(0, 1, 3)": 1,
                "(0, 1, 0)": 1,
                "(0, 1, 1)": 1,
                "(0, 1, 2)": 1,
                "(0, 1, 4)": 1,
                "(1, 2, 4)": 1,
                "(2, 3, 3)": 1,
                "(2, 3, 4)": 1,
                "(3, 4, 4)": 1
            }
        ],
        "join": [
            5,
            [
                4,
                [
                    3,
                    [
                        2,
                        [
                            0,
                            1
                        ]
                    ]
                ]
            ]
        ],
        "cost": 851722927.7588222,
        "energy": -134437.48127292283,
        "estimation_size": 20,
        "dynamic_programming_cost": 847322046.1815575,
        "dynamic_programming_solution": [
            5,
            [
                0,
                [
                    1,
                    [
                        2,
                        [
                            4,
                            3
                        ]
                    ]
                ]
            ]
        ],
        "graph_aware_dynamic_programming_cost": 851424506.321558,
        "graph_aware_dynamic_programming_solution": [
            5,
            [
                0,
                [
                    1,
                    [
                        2,
                        [
                            4,
                            3
                        ]
                    ]
                ]
            ]
        ],
        "greedy_cost": 850252106.6760755,
        "greedy_solution": [
            5,
            [
                0,
                [
                    1,
                    [
                        2,
                        [
                            3,
                            4
                        ]
                    ]
                ]
            ]
        ],
        "graph_aware_greedy_cost": 853282526.9353316,
        "graph_aware_greedy_solution": [
            5,
            [
                0,
                [
                    1,
                    [
                        2,
                        [
                            3,
                            4
                        ]
                    ]
                ]
            ]
        ],
        "found_optimal": 0,
        "plans_are_equal": 6
    }
}