{
    "Graph with 8 nodes and 7 edges": {
        "solution": [
            {
                "(3, 4, 1)": 1,
                "(2, 3, 1)": 1,
                "(2, 3, 0)": 1,
                "(2, 3, 3)": 1,
                "(1, 2, 4)": 1,
                "(5, 6, 4)": 1,
                "(1, 2, 3)": 1,
                "(2, 3, 2)": 1,
                "(2, 3, 4)": 1,
                "(1, 2, 5)": 1,
                "(6, 7, 5)": 1,
                "(0, 1, 6)": 1,
                "(0, 1, 4)": 1,
                "(5, 6, 5)": 1,
                "(4, 5, 4)": 1,
                "(6, 7, 6)": 1,
                "(0, 1, 5)": 1,
                "(3, 4, 2)": 1,
                "(1, 2, 2)": 1,
                "(3, 4, 3)": 1,
                "(0, 1, 3)": 1,
                "(5, 6, 6)": 1,
                "(4, 5, 5)": 1,
                "(4, 5, 6)": 1,
                "(1, 2, 6)": 1,
                "(3, 4, 4)": 1,
                "(3, 4, 5)": 1,
                "(3, 4, 6)": 1,
                "(2, 3, 5)": 1,
                "(2, 3, 6)": 1
            }
        ],
        "join": [
            7,
            [
                6,
                [
                    5,
                    [
                        0,
                        [
                            1,
                            [
                                4,
                                [
                                    2,
                                    3
                                ]
                            ]
                        ]
                    ]
                ]
            ]
        ],
        "cost": 237869632292.4044,
        "energy": -1180507.2652570102,
        "estimation_size": 20,
        "dynamic_programming_cost": 230953455820.13773,
        "dynamic_programming_solution": [
            7,
            [
                3,
                [
                    6,
                    [
                        [
                            1,
                            [
                                0,
                                [
                                    5,
                                    4
                                ]
                            ]
                        ],
                        2
                    ]
                ]
            ]
        ],
        "graph_aware_dynamic_programming_cost": 233916344383.52963,
        "graph_aware_dynamic_programming_solution": [
            [
                [
                    0,
                    [
                        1,
                        [
                            [
                                [
                                    5,
                                    4
                                ],
                                3
                            ],
                            2
                        ]
                    ]
                ],
                6
            ],
            7
        ],
        "greedy_cost": 241654581047.8572,
        "greedy_solution": [
            7,
            [
                3,
                [
                    6,
                    [
                        5,
                        [
                            4,
                            [
                                2,
                                [
                                    0,
                                    1
                                ]
                            ]
                        ]
                    ]
                ]
            ]
        ],
        "graph_aware_greedy_cost": 234100490964.5657,
        "graph_aware_greedy_solution": [
            7,
            [
                6,
                [
                    5,
                    [
                        4,
                        [
                            3,
                            [
                                2,
                                [
                                    0,
                                    1
                                ]
                            ]
                        ]
                    ]
                ]
            ]
        ],
        "found_optimal": 0,
        "plans_are_equal": 0
    }
}