{
    "Graph with 5 nodes and 4 edges": {
        "solution": [
            {
                "(0, 3, 0)": 1,
                "(0, 3, 2)": 1,
                "(0, 1, 1)": 1,
                "(0, 4, 2)": 1,
                "(0, 1, 2)": 1,
                "(0, 3, 1)": 1,
                "(0, 4, 3)": 1,
                "(0, 1, 3)": 1,
                "(0, 3, 3)": 1,
                "(0, 2, 3)": 1
            }
        ],
        "join": [
            2,
            [
                4,
                [
                    1,
                    [
                        0,
                        3
                    ]
                ]
            ]
        ],
        "cost": 16867343.998990912,
        "energy": -197256.64197584733,
        "estimation_size": 25,
        "dynamic_programming_cost": 16243718.661671327,
        "dynamic_programming_solution": [
            3,
            [
                [
                    2,
                    [
                        1,
                        0
                    ]
                ],
                4
            ]
        ],
        "graph_aware_dynamic_programming_cost": 16243830.417082658,
        "graph_aware_dynamic_programming_solution": [
            3,
            [
                [
                    2,
                    [
                        1,
                        0
                    ]
                ],
                4
            ]
        ],
        "greedy_cost": 16243830.417082662,
        "greedy_solution": [
            3,
            [
                4,
                [
                    2,
                    [
                        0,
                        1
                    ]
                ]
            ]
        ],
        "graph_aware_greedy_cost": 16243830.417082662,
        "graph_aware_greedy_solution": [
            3,
            [
                4,
                [
                    2,
                    [
                        0,
                        1
                    ]
                ]
            ]
        ],
        "found_optimal": 0,
        "plans_are_equal": 2
    }
}