{
    "Graph with 6 nodes and 5 edges": {
        "solution": [
            {
                "(0, 3, 2)": 1,
                "(0, 2, 2)": 1,
                "(0, 2, 1)": 1,
                "(0, 4, 2)": 1,
                "(0, 5, 0)": 1,
                "(0, 1, 2)": 1,
                "(0, 5, 1)": 1,
                "(0, 4, 3)": 1,
                "(0, 3, 3)": 1,
                "(0, 1, 3)": 1,
                "(0, 2, 3)": 1,
                "(0, 5, 3)": 1,
                "(0, 3, 4)": 1,
                "(0, 1, 4)": 1,
                "(0, 5, 4)": 1,
                "(0, 4, 4)": 1,
                "(0, 2, 4)": 1
            }
        ],
        "join": [
            1,
            [
                4,
                [
                    3,
                    [
                        2,
                        [
                            0,
                            5
                        ]
                    ]
                ]
            ]
        ],
        "cost": 369899753.9765173,
        "energy": -1489477.8601267822,
        "estimation_size": 21,
        "dynamic_programming_cost": 345478535.6852281,
        "dynamic_programming_solution": [
            5,
            [
                2,
                [
                    3,
                    [
                        1,
                        [
                            4,
                            0
                        ]
                    ]
                ]
            ]
        ],
        "graph_aware_dynamic_programming_cost": 345478535.6852281,
        "graph_aware_dynamic_programming_solution": [
            5,
            [
                2,
                [
                    3,
                    [
                        1,
                        [
                            4,
                            0
                        ]
                    ]
                ]
            ]
        ],
        "greedy_cost": 345478535.6852281,
        "greedy_solution": [
            5,
            [
                2,
                [
                    3,
                    [
                        1,
                        [
                            0,
                            4
                        ]
                    ]
                ]
            ]
        ],
        "graph_aware_greedy_cost": 345478535.6852281,
        "graph_aware_greedy_solution": [
            5,
            [
                2,
                [
                    3,
                    [
                        1,
                        [
                            0,
                            4
                        ]
                    ]
                ]
            ]
        ],
        "found_optimal": 0,
        "plans_are_equal": 1
    }
}