{
    "Graph with 9 nodes and 8 edges": {
        "solution": {
            "(7, 8, 7)": 1,
            "(0, 1, 7)": 1,
            "(4, 5, 1)": 1,
            "(1, 2, 5)": 1,
            "(0, 1, 6)": 1,
            "(2, 3, 3)": 1,
            "(3, 4, 2)": 1,
            "(6, 7, 4)": 1,
            "(5, 6, 0)": 1,
            "(6, 7, 3)": 1
        },
        "join": [
            8,
            [
                0,
                [
                    1,
                    [
                        7,
                        [
                            2,
                            [
                                3,
                                [
                                    4,
                                    [
                                        5,
                                        6
                                    ]
                                ]
                            ]
                        ]
                    ]
                ]
            ]
        ],
        "cost": 17505580.737773165,
        "optimal_cost": 15837916.235565122,
        "optimal_solution": [
            [
                3,
                [
                    [
                        5,
                        [
                            7,
                            [
                                6,
                                [
                                    0,
                                    [
                                        2,
                                        1
                                    ]
                                ]
                            ]
                        ]
                    ],
                    4
                ]
            ],
            8
        ],
        "found_optimal": false,
        "plans_are_equal": false
    }
}