{
    "Graph with 8 nodes and 8 edges": {
        "solution": {
            "(6, 7, 1)": 1,
            "(0, 7, 0)": 1,
            "(1, 2, 3)": 1,
            "(5, 6, 4)": 1,
            "(2, 3, 6)": 1,
            "(4, 5, 5)": 1,
            "(0, 1, 2)": 1
        },
        "join": [
            3,
            [
                4,
                [
                    5,
                    [
                        2,
                        [
                            1,
                            [
                                6,
                                [
                                    0,
                                    7
                                ]
                            ]
                        ]
                    ]
                ]
            ]
        ],
        "cost": 195941702.04330248,
        "optimal_cost": 179177196.09849486,
        "optimal_solution": [
            5,
            [
                7,
                [
                    6,
                    [
                        0,
                        [
                            1,
                            [
                                2,
                                [
                                    4,
                                    3
                                ]
                            ]
                        ]
                    ]
                ]
            ]
        ],
        "found_optimal": false,
        "plans_are_equal": false
    }
}