{
    "Graph with 7 nodes and 6 edges": {
        "solution": {
            "(0, 1, 1)": 1,
            "(0, 5, 0)": 1,
            "(0, 3, 2)": 1,
            "(0, 2, 1)": 1,
            "(0, 1, 0)": 1,
            "(0, 2, 0)": 1,
            "(0, 3, 1)": 1,
            "(0, 4, 0)": 1,
            "(0, 3, 0)": 1,
            "(0, 5, 1)": 1,
            "(0, 4, 1)": 1,
            "(0, 1, 2)": 1,
            "(0, 1, 3)": 1,
            "(0, 2, 4)": 1,
            "(0, 4, 4)": 1,
            "(0, 6, 3)": 1,
            "(0, 1, 4)": 1,
            "(0, 6, 4)": 1,
            "(0, 4, 3)": 1,
            "(0, 3, 4)": 1,
            "(0, 2, 3)": 1,
            "(0, 5, 4)": 1,
            "(0, 3, 3)": 1,
            "(0, 3, 5)": 1,
            "(0, 2, 5)": 1,
            "(0, 1, 5)": 1,
            "(0, 5, 5)": 1,
            "(0, 4, 5)": 1
        },
        "join": [
            6,
            [
                3,
                [
                    4,
                    [
                        2,
                        [
                            1,
                            [
                                0,
                                5
                            ]
                        ]
                    ]
                ]
            ]
        ],
        "cost": 48411734.286897436,
        "optimal_cost": 42129357.72525138,
        "optimal_solution": [
            [
                5,
                [
                    4,
                    [
                        2,
                        [
                            1,
                            [
                                6,
                                0
                            ]
                        ]
                    ]
                ]
            ],
            3
        ],
        "found_optimal": false,
        "plans_are_equal": false
    }
}