{
    "Graph with 8 nodes and 7 edges": {
        "solution": {
            "(6, 7, 6)": 1,
            "(3, 4, 1)": 1,
            "(2, 3, 0)": 1,
            "(0, 1, 5)": 1,
            "(4, 5, 3)": 1,
            "(5, 6, 4)": 1,
            "(1, 2, 2)": 1
        },
        "join": [
            7,
            [
                0,
                [
                    6,
                    [
                        5,
                        [
                            1,
                            [
                                4,
                                [
                                    2,
                                    3
                                ]
                            ]
                        ]
                    ]
                ]
            ]
        ],
        "cost": 1011604509.1250645,
        "optimal_cost": 1008279467.3943241,
        "optimal_solution": [
            7,
            [
                3,
                [
                    6,
                    [
                        [
                            1,
                            [
                                0,
                                [
                                    5,
                                    4
                                ]
                            ]
                        ],
                        2
                    ]
                ]
            ]
        ],
        "found_optimal": false,
        "plans_are_equal": false
    }
}