{
    "Graph with 3 nodes and 3 edges": {
        "solution": [
            {
                "(0, 1, 0)": 1,
                "(0, 2, 1)": 1
            }
        ],
        "join": [
            2,
            [
                0,
                1
            ]
        ],
        "cost": 49147.11104448107,
        "energy": -103.38910465742515,
        "estimation_size": 200,
        "time": 0.0075190067291259766,
        "dynamic_programming_cost": 49147.11104448107,
        "dynamic_programming_solution": [
            2,
            [
                1,
                0
            ]
        ],
        "graph_aware_dynamic_programming_cost": 49147.11104448107,
        "graph_aware_dynamic_programming_solution": [
            2,
            [
                1,
                0
            ]
        ],
        "greedy_cost": 49147.11104448107,
        "greedy_solution": [
            2,
            [
                0,
                1
            ]
        ],
        "graph_aware_greedy_cost": 49147.11104448107,
        "graph_aware_greedy_solution": [
            2,
            [
                0,
                1
            ]
        ],
        "found_optimal": 20,
        "plans_are_equal": 20
    }
}