{
    "Graph with 14 nodes and 13 edges": {
        "solution": [
            {
                "(0, 1, 2)": 1,
                "(0, 11, 0)": 1,
                "(0, 9, 3)": 1,
                "(0, 4, 1)": 1,
                "(0, 12, 4)": 1,
                "(0, 10, 5)": 1,
                "(0, 8, 6)": 1,
                "(0, 13, 7)": 1,
                "(0, 2, 8)": 1,
                "(0, 3, 9)": 1,
                "(0, 5, 10)": 1,
                "(0, 6, 11)": 1,
                "(0, 7, 12)": 1
            }
        ],
        "join": [
            7,
            [
                6,
                [
                    5,
                    [
                        3,
                        [
                            2,
                            [
                                13,
                                [
                                    8,
                                    [
                                        10,
                                        [
                                            12,
                                            [
                                                9,
                                                [
                                                    1,
                                                    [
                                                        4,
                                                        [
                                                            0,
                                                            11
                                                        ]
                                                    ]
                                                ]
                                            ]
                                        ]
                                    ]
                                ]
                            ]
                        ]
                    ]
                ]
            ]
        ],
        "cost": 7.486448358795744e+16,
        "energy": -539.3984491229584,
        "estimation_size": 20,
        "dynamic_programming_cost": 7.486448358795742e+16,
        "dynamic_programming_solution": [
            7,
            [
                6,
                [
                    5,
                    [
                        3,
                        [
                            2,
                            [
                                13,
                                [
                                    8,
                                    [
                                        10,
                                        [
                                            12,
                                            [
                                                9,
                                                [
                                                    1,
                                                    [
                                                        4,
                                                        [
                                                            11,
                                                            0
                                                        ]
                                                    ]
                                                ]
                                            ]
                                        ]
                                    ]
                                ]
                            ]
                        ]
                    ]
                ]
            ]
        ],
        "graph_aware_dynamic_programming_cost": 7.486448358795742e+16,
        "graph_aware_dynamic_programming_solution": [
            7,
            [
                6,
                [
                    5,
                    [
                        3,
                        [
                            2,
                            [
                                13,
                                [
                                    8,
                                    [
                                        10,
                                        [
                                            12,
                                            [
                                                9,
                                                [
                                                    1,
                                                    [
                                                        4,
                                                        [
                                                            11,
                                                            0
                                                        ]
                                                    ]
                                                ]
                                            ]
                                        ]
                                    ]
                                ]
                            ]
                        ]
                    ]
                ]
            ]
        ],
        "greedy_cost": 7.486448358795744e+16,
        "greedy_solution": [
            7,
            [
                6,
                [
                    5,
                    [
                        3,
                        [
                            2,
                            [
                                13,
                                [
                                    8,
                                    [
                                        10,
                                        [
                                            12,
                                            [
                                                9,
                                                [
                                                    1,
                                                    [
                                                        4,
                                                        [
                                                            0,
                                                            11
                                                        ]
                                                    ]
                                                ]
                                            ]
                                        ]
                                    ]
                                ]
                            ]
                        ]
                    ]
                ]
            ]
        ],
        "graph_aware_greedy_cost": 7.486448358795744e+16,