{
    "Graph with 7 nodes and 7 edges": {
        "solution": [
            {
                "(0, 6, 0)": 1,
                "(5, 6, 1)": 1,
                "(0, 6, 1)": 1,
                "(5, 6, 2)": 1,
                "(3, 4, 3)": 1,
                "(4, 5, 2)": 1,
                "(4, 5, 3)": 1,
                "(0, 6, 2)": 1,
                "(5, 6, 3)": 1,
                "(0, 6, 3)": 1,
                "(0, 6, 4)": 1,
                "(3, 4, 4)": 1,
                "(4, 5, 4)": 1,
                "(5, 6, 4)": 1,
                "(2, 3, 4)": 1,
                "(5, 6, 5)": 1,
                "(1, 2, 5)": 1,
                "(0, 6, 5)": 1,
                "(3, 4, 5)": 1,
                "(2, 3, 5)": 1,
                "(4, 5, 5)": 1
            }
        ],
        "join": [
            1,
            [
                2,
                [
                    3,
                    [
                        4,
                        [
                            5,
                            [
                                0,
                                6
                            ]
                        ]
                    ]
                ]
            ]
        ],
        "cost": 1546981100.8739557,
        "energy": -2191655.5809558555,
        "estimation_size": 15,
        "dynamic_programming_cost": 1339538902.2375114,
        "dynamic_programming_solution": [
            3,
            [
                2,
                [
                    6,
                    [
                        1,
                        [
                            0,
                            [
                                5,
                                4
                            ]
                        ]
                    ]
                ]
            ]
        ],
        "graph_aware_dynamic_programming_cost": 1339797165.3473566,
        "graph_aware_dynamic_programming_solution": [
            3,
            [
                [
                    1,
                    [
                        [
                            6,
                            [
                                5,
                                4
                            ]
                        ],
                        0
                    ]
                ],
                2
            ]
        ],
        "greedy_cost": 1340071474.0649965,
        "greedy_solution": [
            3,
            [
                6,
                [
                    5,
                    [
                        4,
                        [
                            2,
                            [
                                0,
                                1
                            ]
                        ]
                    ]
                ]
            ]
        ],
        "graph_aware_greedy_cost": 1341897923.3105876,
        "graph_aware_greedy_solution": [
            3,
            [
                4,
                [
                    5,
                    [
                        6,
                        [
                            2,
                            [
                                0,
                                1
                            ]
                        ]
                    ]
                ]
            ]
        ],
        "found_optimal": 0,
        "plans_are_equal": 0
    }
}