{
    "Graph with 8 nodes and 8 edges": {
        "solution": [
            {
                "(1, 2, 0)": 1,
                "(2, 3, 1)": 1,
                "(1, 2, 1)": 1,
                "(3, 4, 4)": 1,
                "(1, 2, 4)": 1,
                "(1, 2, 3)": 1,
                "(2, 3, 3)": 1,
                "(3, 4, 3)": 1,
                "(0, 7, 4)": 1,
                "(2, 3, 4)": 1,
                "(4, 5, 3)": 1,
                "(0, 1, 4)": 1,
                "(1, 2, 2)": 1,
                "(3, 4, 2)": 1,
                "(2, 3, 2)": 1,
                "(3, 4, 5)": 1,
                "(2, 3, 6)": 1,
                "(3, 4, 6)": 1,
                "(5, 6, 5)": 1,
                "(0, 1, 6)": 1,
                "(6, 7, 5)": 1,
                "(4, 5, 6)": 1,
                "(1, 2, 5)": 1,
                "(0, 7, 6)": 1,
                "(2, 3, 5)": 1,
                "(5, 6, 6)": 1,
                "(4, 5, 5)": 1,
                "(6, 7, 6)": 1
            }
        ],
        "join": [
            7,
            [
                6,
                [
                    0,
                    [
                        5,
                        [
                            4,
                            [
                                3,
                                [
                                    1,
                                    2
                                ]
                            ]
                        ]
                    ]
                ]
            ]
        ],
        "cost": 44133291933.774185,
        "energy": -8396337.027162513,
        "estimation_size": 14,
        "dynamic_programming_cost": 40428047388.634384,
        "dynamic_programming_solution": [
            1,
            [
                [
                    3,
                    [
                        4,
                        [
                            5,
                            [
                                0,
                                [
                                    7,
                                    6
                                ]
                            ]
                        ]
                    ]
                ],
                2
            ]
        ],
        "graph_aware_dynamic_programming_cost": 40430735672.71135,
        "graph_aware_dynamic_programming_solution": [
            1,
            [
                [
                    3,
                    [
                        4,
                        [
                            5,
                            [
                                0,
                                [
                                    7,
                                    6
                                ]
                            ]
                        ]
                    ]
                ],
                2
            ]
        ],
        "greedy_cost": 40436960783.50418,
        "greedy_solution": [
            2,
            [
                3,
                [
                    4,
                    [
                        5,
                        [
                            1,
                            [
                                0,
                                [
                                    6,
                                    7
                                ]
                            ]
                        ]
                    ]
                ]
            ]
        ],
        "graph_aware_greedy_cost": 40445043983.59835,
        "graph_aware_greedy_solution": [
            2,
            [
                3,
                [
                    4,
                    [
                        5,
                        [
                            1,
                            [
                                0,
                                [
                                    6,
                                    7
                                ]
                            ]
                        ]
                    ]
                ]
            ]
        ],
        "found_optimal": 0,
        "plans_are_equal": 0
    }
}