{
    "Graph with 16 nodes and 15 edges": {
        "solution": {
            "(0, 1, 14)": 1,
            "(1, 2, 13)": 1,
            "(2, 3, 12)": 1,
            "(3, 4, 11)": 1,
            "(4, 5, 8)": 1,
            "(5, 6, 7)": 1,
            "(6, 7, 6)": 1,
            "(7, 8, 5)": 1,
            "(8, 9, 4)": 1,
            "(9, 10, 0)": 1,
            "(10, 11, 1)": 1,
            "(11, 12, 2)": 1,
            "(12, 13, 3)": 1,
            "(13, 14, 9)": 1,
            "(14, 15, 10)": 1
        },
        "join": [
            0,
            [
                1,
                [
                    2,
                    [
                        3,
                        [
                            15,
                            [
                                14,
                                [
                                    4,
                                    [
                                        5,
                                        [
                                            6,
                                            [
                                                7,
                                                [
                                                    8,
                                                    [
                                                        13,
                                                        [
                                                            12,
                                                            [
                                                                11,
                                                                [
                                                                    9,
                                                                    10
                                                                ]
                                                            ]
                                                        ]
                                                    ]
                                                ]
                                            ]
                                        ]
                                    ]
                                ]
                            ]
                        ]
                    ]
                ]
            ]
        ],
        "cost": 285332925919257.5,
        "energy": -158.70994313931223,
        "time": 162.58986377716064,
        "optimal_cost": 230201268071820.78,
        "optimal_solution": [
            5,
            [
                [
                    14,
                    [
                        4,
                        [
                            6,
                            [
                                [
                                    [
                                        1,
                                        [
                                            3,
                                            [
                                                2,
                                                [
                                                    8,
                                                    [
                                                        11,
                                                        [
                                                            12,
                                                            [
                                                                13,
                                                                [
                                                                    10,
                                                                    9
                                                                ]
                                                            ]
                                                        ]
                                                    ]
                                                ]
                                            ]
                                        ]
                                    ],
                                    0
                                ],
                                7
                            ]
                        ]
                    ]
                ],
                15
            ]
        ],
        "found_optimal": false,
        "plans_are_equal": false,
        "greedy_cost": 234022818240454.5,
        "greedy_solution": [
            15,
            [
                14,
                [
                    5,
                    [
                        4,
                        [
                            12,
                            [
                                13,
                                [
                                    6,
                                    [
                                        7,
                                        [
                                            3,
                                            [
                                                2,
                                                [
                                                    1,
                                                    [
                                                        0,
                                                        [
                                                            11,
                                                            [
                                                                8,
                                                                [
                                                                    9,
                                                                    10
                                                                ]
                                                            ]
                                                        ]
                                                    ]
                                                ]
                                            ]
                                        ]
                                    ]
                                ]
                            ]
                        ]
                    ]
                ]
            ]
        ]
    }
}