{
    "Graph with 7 nodes and 7 edges": {
        "solution": {
            "(0, 1, 0)": 1,
            "(0, 6, 2)": 1,
            "(1, 2, 1)": 1,
            "(3, 4, 5)": 1,
            "(4, 5, 4)": 1,
            "(5, 6, 3)": 1
        },
        "join": [
            3,
            [
                4,
                [
                    5,
                    [
                        6,
                        [
                            2,
                            [
                                0,
                                1
                            ]
                        ]
                    ]
                ]
            ]
        ],
        "cost": 22906826.952764656,
        "energy": -250.93018292025928,
        "time": 0.10615158081054688,
        "optimal_cost": 22665319.64005231,
        "optimal_solution": [
            3,
            [
                2,
                [
                    6,
                    [
                        1,
                        [
                            0,
                            [
                                5,
                                4
                            ]
                        ]
                    ]
                ]
            ]
        ],
        "found_optimal": false,
        "plans_are_equal": false
    }
}