{
    "Graph with 9 nodes and 8 edges": {
        "solution": {
            "(0, 1, 1)": 1,
            "(0, 2, 0)": 1,
            "(0, 3, 6)": 1,
            "(0, 4, 3)": 1,
            "(0, 5, 5)": 1,
            "(0, 6, 4)": 1,
            "(0, 7, 2)": 1,
            "(0, 8, 7)": 1
        },
        "join": [
            8,
            [
                3,
                [
                    5,
                    [
                        6,
                        [
                            4,
                            [
                                7,
                                [
                                    1,
                                    [
                                        0,
                                        2
                                    ]
                                ]
                            ]
                        ]
                    ]
                ]
            ]
        ],
        "cost": 15766889.203249939,
        "energy": -12514.966212851361,
        "time": 0.009999275207519531,
        "optimal_cost": 15766889.203249935,
        "optimal_solution": [
            [
                3,
                [
                    5,
                    [
                        6,
                        [
                            [
                                [
                                    1,
                                    [
                                        2,
                                        0
                                    ]
                                ],
                                7
                            ],
                            4
                        ]
                    ]
                ]
            ],
            8
        ],
        "found_optimal": true,
        "plans_are_equal": true
    }
}