{
    "Graph with 7 nodes and 6 edges": {
        "solution": {
            "(0, 3, 3)": 1,
            "(0, 6, 1)": 1,
            "(1, 6, 2)": 1,
            "(2, 3, 4)": 1,
            "(3, 5, 5)": 1,
            "(4, 6, 0)": 1
        },
        "join": [
            5,
            [
                2,
                [
                    3,
                    [
                        1,
                        [
                            0,
                            [
                                4,
                                6
                            ]
                        ]
                    ]
                ]
            ]
        ],
        "cost": 44191065.606528,
        "energy": -510.92674857274227,
        "time": 0.006294965744018555,
        "optimal_cost": 44027479.414162934,
        "optimal_solution": [
            5,
            [
                3,
                [
                    2,
                    [
                        [
                            0,
                            [
                                6,
                                4
                            ]
                        ],
                        1
                    ]
                ]
            ]
        ],
        "found_optimal": false,
        "plans_are_equal": false
    }
}