{
    "Graph with 8 nodes and 28 edges": {
        "solution": {
            "(0, 1, 3)": 1,
            "(0, 3, 4)": 1,
            "(0, 4, 5)": 1,
            "(1, 2, 1)": 1,
            "(1, 5, 2)": 1,
            "(1, 6, 0)": 1,
            "(1, 7, 6)": 1
        },
        "join": [
            7,
            [
                4,
                [
                    3,
                    [
                        0,
                        [
                            5,
                            [
                                2,
                                [
                                    1,
                                    6
                                ]
                            ]
                        ]
                    ]
                ]
            ]
        ],
        "cost": 72.48298984564029,
        "energy": -79.75306343749125,
        "time": 161.87380623817444,
        "optimal_cost": 72.48298984564029,
        "optimal_solution": [
            7,
            [
                4,
                [
                    3,
                    [
                        0,
                        [
                            5,
                            [
                                2,
                                [
                                    6,
                                    1
                                ]
                            ]
                        ]
                    ]
                ]
            ]
        ],
        "found_optimal": true,
        "plans_are_equal": true,
        "greedy_cost": 72.48298984564029,
        "greedy_solution": [
            7,
            [
                4,
                [
                    3,
                    [
                        0,
                        [
                            5,
                            [
                                2,
                                [
                                    1,
                                    6
                                ]
                            ]
                        ]
                    ]
                ]
            ]
        ]
    }
}