{
    "Graph with 15 nodes and 14 edges": {
        "solution": {
            "(0, 1, 0)": 1,
            "(1, 2, 1)": 1,
            "(2, 3, 2)": 1,
            "(3, 4, 3)": 1,
            "(4, 5, 4)": 1,
            "(5, 6, 5)": 1,
            "(6, 7, 6)": 1,
            "(7, 8, 7)": 1,
            "(8, 9, 8)": 1,
            "(9, 10, 9)": 1,
            "(10, 11, 10)": 1,
            "(11, 12, 11)": 1,
            "(12, 13, 12)": 1,
            "(13, 14, 13)": 1
        },
        "join": [
            14,
            [
                13,
                [
                    12,
                    [
                        11,
                        [
                            10,
                            [
                                9,
                                [
                                    8,
                                    [
                                        7,
                                        [
                                            6,
                                            [
                                                5,
                                                [
                                                    4,
                                                    [
                                                        3,
                                                        [
                                                            2,
                                                            [
                                                                0,
                                                                1
                                                            ]
                                                        ]
                                                    ]
                                                ]
                                            ]
                                        ]
                                    ]
                                ]
                            ]
                        ]
                    ]
                ]
            ]
        ],
        "cost": 55094517290866.75,
        "energy": -148.91981841010508,
        "time": 74.92180824279785,
        "optimal_cost": 54824585282898.83,
        "optimal_solution": [
            14,
            [
                6,
                [
                    5,
                    [
                        3,
                        [
                            4,
                            [
                                2,
                                [
                                    13,
                                    [
                                        [
                                            11,
                                            [
                                                10,
                                                [
                                                    9,
                                                    [
                                                        1,
                                                        [
                                                            0,
                                                            [
                                                                8,
                                                                7
                                                            ]
                                                        ]
                                                    ]
                                                ]
                                            ]
                                        ],
                                        12
                                    ]
                                ]
                            ]
                        ]
                    ]
                ]
            ]
        ],
        "found_optimal": false,
        "plans_are_equal": false,
        "greedy_cost": 93553851402269.5,
        "greedy_solution": [
            7,
            [
                8,
                [
                    6,
                    [
                        5,
                        [
                            3,
                            [
                                4,
                                [
                                    10,
                                    [
                                        9,
                                        [
                                            14,
                                            [
                                                11,
                                                [
                                                    12,
                                                    [
                                                        13,
                                                        [
                                                            2,
                                                            [
                                                                0,
                                                                1
                                                            ]
                                                        ]
                                                    ]
                                                ]
                                            ]
                                        ]
                                    ]
                                ]
                            ]
                        ]
                    ]
                ]
            ]
        ]
    }
}