{
    "Graph with 12 nodes and 11 edges": {
        "solution": {
            "(0, 1, 1)": 1,
            "(1, 2, 0)": 1,
            "(2, 3, 2)": 1,
            "(3, 4, 3)": 1,
            "(4, 5, 4)": 1,
            "(5, 6, 5)": 1,
            "(6, 7, 6)": 1,
            "(7, 8, 7)": 1,
            "(8, 9, 8)": 1,
            "(9, 10, 9)": 1,
            "(10, 11, 10)": 1
        },
        "join": [
            11,
            [
                10,
                [
                    9,
                    [
                        8,
                        [
                            7,
                            [
                                6,
                                [
                                    5,
                                    [
                                        4,
                                        [
                                            3,
                                            [
                                                0,
                                                [
                                                    1,
                                                    2
                                                ]
                                            ]
                                        ]
                                    ]
                                ]
                            ]
                        ]
                    ]
                ]
            ]
        ],
        "cost": 843643257963.179,
        "energy": -118.93976798568073,
        "time": 6.7486701011657715,
        "optimal_cost": 825620225937.842,
        "optimal_solution": [
            11,
            [
                7,
                [
                    [
                        0,
                        [
                            1,
                            [
                                4,
                                [
                                    [
                                        2,
                                        [
                                            [
                                                5,
                                                [
                                                    10,
                                                    9
                                                ]
                                            ],
                                            6
                                        ]
                                    ],
                                    3
                                ]
                            ]
                        ]
                    ],
                    8
                ]
            ]
        ],
        "found_optimal": false,
        "plans_are_equal": false,
        "greedy_cost": 825626038180.6992,
        "greedy_solution": [
            11,
            [
                7,
                [
                    8,
                    [
                        6,
                        [
                            5,
                            [
                                4,
                                [
                                    3,
                                    [
                                        2,
                                        [
                                            1,
                                            [
                                                0,
                                                [
                                                    9,
                                                    10
                                                ]
                                            ]
                                        ]
                                    ]
                                ]
                            ]
                        ]
                    ]
                ]
            ]
        ]
    }
}