{
    "Graph with 8 nodes and 7 edges": {
        "solution": {
            "(0, 1, 1)": 1,
            "(0, 2, 3)": 1,
            "(0, 3, 6)": 1,
            "(0, 4, 2)": 1,
            "(0, 5, 0)": 1,
            "(0, 6, 4)": 1,
            "(0, 7, 5)": 1
        },
        "join": [
            3,
            [
                7,
                [
                    6,
                    [
                        2,
                        [
                            4,
                            [
                                1,
                                [
                                    0,
                                    5
                                ]
                            ]
                        ]
                    ]
                ]
            ]
        ],
        "cost": 999804329.2017772,
        "energy": -2512.970869019157,
        "time": 0.004999637603759766,
        "optimal_cost": 999804329.201777,
        "optimal_solution": [
            3,
            [
                [
                    [
                        2,
                        [
                            4,
                            [
                                1,
                                [
                                    5,
                                    0
                                ]
                            ]
                        ]
                    ],
                    6
                ],
                7
            ]
        ],
        "found_optimal": true,
        "plans_are_equal": true
    }
}