{
    "Graph with 7 nodes and 21 edges": {
        "solution": {
            "(0, 1, 3)": 1,
            "(0, 5, 4)": 1,
            "(1, 4, 1)": 1,
            "(1, 6, 2)": 1,
            "(2, 3, 5)": 1,
            "(2, 4, 0)": 1
        },
        "join": [
            3,
            [
                5,
                [
                    0,
                    [
                        6,
                        [
                            1,
                            [
                                2,
                                4
                            ]
                        ]
                    ]
                ]
            ]
        ],
        "cost": 35.70094960257987,
        "energy": -69.7830354238361,
        "time": 71.94951009750366,
        "optimal_cost": 35.700949602579854,
        "optimal_solution": [
            3,
            [
                5,
                [
                    0,
                    [
                        6,
                        [
                            [
                                4,
                                2
                            ],
                            1
                        ]
                    ]
                ]
            ]
        ],
        "found_optimal": true,
        "plans_are_equal": true,
        "greedy_cost": 35.70094960257987,
        "greedy_solution": [
            3,
            [
                5,
                [
                    0,
                    [
                        6,
                        [
                            1,
                            [
                                2,
                                4
                            ]
                        ]
                    ]
                ]
            ]
        ]
    }
}