{
    "Graph with 9 nodes and 8 edges": {
        "solution": {
            "(0, 1, 1)": 1,
            "(1, 2, 0)": 1,
            "(2, 3, 2)": 1,
            "(3, 4, 3)": 1,
            "(4, 5, 4)": 1,
            "(5, 6, 5)": 1,
            "(6, 7, 6)": 1,
            "(7, 8, 7)": 1
        },
        "join": [
            8,
            [
                7,
                [
                    6,
                    [
                        5,
                        [
                            4,
                            [
                                3,
                                [
                                    0,
                                    [
                                        1,
                                        2
                                    ]
                                ]
                            ]
                        ]
                    ]
                ]
            ]
        ],
        "cost": 15906318.015293956,
        "energy": -88.9570709266488,
        "time": 0.5509984493255615,
        "optimal_cost": 15837916.235565122,
        "optimal_solution": [
            [
                3,
                [
                    [
                        5,
                        [
                            7,
                            [
                                6,
                                [
                                    0,
                                    [
                                        2,
                                        1
                                    ]
                                ]
                            ]
                        ]
                    ],
                    4
                ]
            ],
            8
        ],
        "found_optimal": false,
        "plans_are_equal": false,
        "greedy_cost": 15906243.502170749,
        "greedy_solution": [
            8,
            [
                7,
                [
                    6,
                    [
                        5,
                        [
                            3,
                            [
                                4,
                                [
                                    0,
                                    [
                                        1,
                                        2
                                    ]
                                ]
                            ]
                        ]
                    ]
                ]
            ]
        ]
    }
}