{
    "Graph with 6 nodes and 6 edges": {
        "solution": {
            "(0, 1, 2)": 1,
            "(0, 5, 4)": 1,
            "(1, 2, 0)": 1,
            "(2, 3, 1)": 1,
            "(3, 4, 3)": 1
        },
        "join": [
            5,
            [
                4,
                [
                    0,
                    [
                        3,
                        [
                            1,
                            2
                        ]
                    ]
                ]
            ]
        ],
        "cost": 6106.139363388234,
        "energy": -108.66940739331807,
        "time": 0.003000020980834961,
        "optimal_cost": 6106.139363388234,
        "optimal_solution": [
            5,
            [
                4,
                [
                    0,
                    [
                        3,
                        [
                            2,
                            1
                        ]
                    ]
                ]
            ]
        ],
        "found_optimal": true,
        "plans_are_equal": true
    }
}