{
    "Graph with 11 nodes and 10 edges": {
        "solution": {
            "(0, 1, 0)": 1,
            "(1, 2, 1)": 1,
            "(2, 3, 2)": 1,
            "(3, 4, 3)": 1,
            "(4, 5, 4)": 1,
            "(5, 6, 5)": 1,
            "(6, 7, 6)": 1,
            "(7, 8, 7)": 1,
            "(8, 9, 8)": 1,
            "(9, 10, 9)": 1
        },
        "join": [
            10,
            [
                9,
                [
                    8,
                    [
                        7,
                        [
                            6,
                            [
                                5,
                                [
                                    4,
                                    [
                                        3,
                                        [
                                            2,
                                            [
                                                0,
                                                1
                                            ]
                                        ]
                                    ]
                                ]
                            ]
                        ]
                    ]
                ]
            ]
        ],
        "cost": 13626541509.799788,
        "energy": -108.81268771527567,
        "time": 3.021428108215332,
        "optimal_cost": 11781826707.514254,
        "optimal_solution": [
            7,
            [
                8,
                [
                    10,
                    [
                        9,
                        [
                            3,
                            [
                                4,
                                [
                                    2,
                                    [
                                        6,
                                        [
                                            5,
                                            [
                                                1,
                                                0
                                            ]
                                        ]
                                    ]
                                ]
                            ]
                        ]
                    ]
                ]
            ]
        ],
        "found_optimal": false,
        "plans_are_equal": false,
        "greedy_cost": 11781850146.17742,
        "greedy_solution": [
            7,
            [
                8,
                [
                    10,
                    [
                        9,
                        [
                            6,
                            [
                                5,
                                [
                                    4,
                                    [
                                        3,
                                        [
                                            2,
                                            [
                                                0,
                                                1
                                            ]
                                        ]
                                    ]
                                ]
                            ]
                        ]
                    ]
                ]
            ]
        ]
    }
}