{
    "Graph with 8 nodes and 7 edges": {
        "solution": {
            "(0, 3, 6)": 1,
            "(0, 4, 1)": 1,
            "(1, 6, 4)": 1,
            "(2, 6, 3)": 1,
            "(4, 7, 0)": 1,
            "(5, 6, 5)": 1,
            "(6, 7, 2)": 1
        },
        "join": [
            3,
            [
                5,
                [
                    1,
                    [
                        2,
                        [
                            6,
                            [
                                0,
                                [
                                    4,
                                    7
                                ]
                            ]
                        ]
                    ]
                ]
            ]
        ],
        "cost": 1001828143.026388,
        "energy": -2012.9687858420334,
        "time": 0.009998083114624023,
        "optimal_cost": 1001819124.8225763,
        "optimal_solution": [
            3,
            [
                [
                    1,
                    [
                        6,
                        [
                            2,
                            [
                                0,
                                [
                                    7,
                                    4
                                ]
                            ]
                        ]
                    ]
                ],
                5
            ]
        ],
        "found_optimal": true,
        "plans_are_equal": false
    }
}