{
    "Graph with 6 nodes and 5 edges": {
        "solution": {
            "(0, 2, 1)": 1,
            "(0, 3, 2)": 1,
            "(1, 3, 3)": 1,
            "(2, 5, 0)": 1,
            "(3, 4, 4)": 1
        },
        "join": [
            4,
            [
                1,
                [
                    3,
                    [
                        0,
                        [
                            2,
                            5
                        ]
                    ]
                ]
            ]
        ],
        "cost": 25341.993753172803,
        "energy": -88.84984535668983,
        "time": 0.009996891021728516,
        "optimal_cost": 25006.753343204575,
        "optimal_solution": [
            [
                3,
                [
                    1,
                    [
                        0,
                        [
                            5,
                            2
                        ]
                    ]
                ]
            ],
            4
        ],
        "found_optimal": false,
        "plans_are_equal": false
    }
}