{
    "Graph with 14 nodes and 13 edges": {
        "solution": {
            "(0, 1, 12)": 1,
            "(1, 2, 11)": 1,
            "(2, 3, 10)": 1,
            "(3, 4, 9)": 1,
            "(4, 5, 8)": 1,
            "(5, 6, 7)": 1,
            "(6, 7, 6)": 1,
            "(7, 8, 5)": 1,
            "(8, 9, 4)": 1,
            "(9, 10, 1)": 1,
            "(10, 11, 0)": 1,
            "(11, 12, 2)": 1,
            "(12, 13, 3)": 1
        },
        "join": [
            0,
            [
                1,
                [
                    2,
                    [
                        3,
                        [
                            4,
                            [
                                5,
                                [
                                    6,
                                    [
                                        7,
                                        [
                                            8,
                                            [
                                                13,
                                                [
                                                    12,
                                                    [
                                                        9,
                                                        [
                                                            10,
                                                            11
                                                        ]
                                                    ]
                                                ]
                                            ]
                                        ]
                                    ]
                                ]
                            ]
                        ]
                    ]
                ]
            ]
        ],
        "cost": 443141025027.19507,
        "energy": -138.42345208779807,
        "time": 33.989909410476685,
        "optimal_cost": 291654077517.4997,
        "optimal_solution": [
            6,
            [
                5,
                [
                    7,
                    [
                        8,
                        [
                            [
                                12,
                                [
                                    2,
                                    [
                                        3,
                                        [
                                            4,
                                            [
                                                1,
                                                [
                                                    0,
                                                    [
                                                        9,
                                                        [
                                                            11,
                                                            10
                                                        ]
                                                    ]
                                                ]
                                            ]
                                        ]
                                    ]
                                ]
                            ],
                            13
                        ]
                    ]
                ]
            ]
        ],
        "found_optimal": false,
        "plans_are_equal": false,
        "greedy_cost": 291851448221.38885,
        "greedy_solution": [
            6,
            [
                5,
                [
                    3,
                    [
                        4,
                        [
                            2,
                            [
                                1,
                                [
                                    0,
                                    [
                                        7,
                                        [
                                            8,
                                            [
                                                13,
                                                [
                                                    12,
                                                    [
                                                        9,
                                                        [
                                                            10,
                                                            11
                                                        ]
                                                    ]
                                                ]
                                            ]
                                        ]
                                    ]
                                ]
                            ]
                        ]
                    ]
                ]
            ]
        ]
    }
}