{
    "Graph with 7 nodes and 6 edges": {
        "solution": {
            "(0, 1, 0)": 1,
            "(1, 2, 1)": 1,
            "(2, 3, 2)": 1,
            "(3, 4, 3)": 1,
            "(4, 5, 4)": 1,
            "(5, 6, 5)": 1
        },
        "join": [
            6,
            [
                5,
                [
                    4,
                    [
                        3,
                        [
                            2,
                            [
                                0,
                                1
                            ]
                        ]
                    ]
                ]
            ]
        ],
        "cost": 48747728.39289014,
        "energy": -68.81608265482714,
        "time": 0.0969998836517334,
        "optimal_cost": 42538490.558624335,
        "optimal_solution": [
            3,
            [
                4,
                [
                    [
                        1,
                        [
                            0,
                            [
                                6,
                                5
                            ]
                        ]
                    ],
                    2
                ]
            ]
        ],
        "found_optimal": false,
        "plans_are_equal": false,
        "greedy_cost": 42624746.81492755,
        "greedy_solution": [
            3,
            [
                6,
                [
                    5,
                    [
                        4,
                        [
                            2,
                            [
                                0,
                                1
                            ]
                        ]
                    ]
                ]
            ]
        ]
    }
}