{
    "Graph with 9 nodes and 8 edges": {
        "solution": {
            "(0, 3, 1)": 1,
            "(0, 4, 0)": 1,
            "(1, 6, 6)": 1,
            "(2, 6, 4)": 1,
            "(4, 8, 2)": 1,
            "(5, 7, 7)": 1,
            "(6, 7, 5)": 1,
            "(6, 8, 3)": 1
        },
        "join": [
            5,
            [
                1,
                [
                    7,
                    [
                        2,
                        [
                            6,
                            [
                                8,
                                [
                                    3,
                                    [
                                        0,
                                        4
                                    ]
                                ]
                            ]
                        ]
                    ]
                ]
            ]
        ],
        "cost": 16682394.727970336,
        "energy": -12514.906185928246,
        "time": 0.0060002803802490234,
        "optimal_cost": 16405112.55992485,
        "optimal_solution": [
            [
                5,
                [
                    1,
                    [
                        3,
                        [
                            7,
                            [
                                6,
                                [
                                    2,
                                    [
                                        4,
                                        0
                                    ]
                                ]
                            ]
                        ]
                    ]
                ]
            ],
            8
        ],
        "found_optimal": false,
        "plans_are_equal": false
    }
}