{
    "Graph with 8 nodes and 8 edges": {
        "solution": {
            "(0, 1, 4)": 1,
            "(1, 2, 3)": 1,
            "(2, 3, 1)": 1,
            "(3, 4, 0)": 1,
            "(4, 5, 2)": 1,
            "(5, 6, 5)": 1,
            "(6, 7, 6)": 1
        },
        "join": [
            7,
            [
                6,
                [
                    0,
                    [
                        1,
                        [
                            5,
                            [
                                2,
                                [
                                    3,
                                    4
                                ]
                            ]
                        ]
                    ]
                ]
            ]
        ],
        "cost": 183017482.80375066,
        "energy": -612.8507540129699,
        "time": 0.110809326171875,
        "optimal_cost": 179177196.09849486,
        "optimal_solution": [
            5,
            [
                7,
                [
                    6,
                    [
                        0,
                        [
                            1,
                            [
                                2,
                                [
                                    4,
                                    3
                                ]
                            ]
                        ]
                    ]
                ]
            ]
        ],
        "found_optimal": false,
        "plans_are_equal": false
    }
}