{
    "Graph with 5 nodes and 10 edges": {
        "solution": {
            "(0, 4, 1)": 1,
            "(1, 2, 3)": 1,
            "(1, 4, 0)": 1,
            "(3, 4, 2)": 1
        },
        "join": [
            2,
            [
                3,
                [
                    0,
                    [
                        1,
                        4
                    ]
                ]
            ]
        ],
        "cost": 1589.0642442965948,
        "energy": -8.21935894958061,
        "time": 4.642535448074341,
        "optimal_cost": 1589.0642442965946,
        "optimal_solution": [
            2,
            [
                3,
                [
                    0,
                    [
                        4,
                        1
                    ]
                ]
            ]
        ],
        "found_optimal": true,
        "plans_are_equal": true,
        "greedy_cost": 1589.0642442965948,
        "greedy_solution": [
            2,
            [
                3,
                [
                    0,
                    [
                        1,
                        4
                    ]
                ]
            ]
        ]
    }
}