{
    "Graph with 7 nodes and 6 edges": {
        "solution": {
            "(0, 1, 1)": 1,
            "(0, 2, 2)": 1,
            "(0, 3, 5)": 1,
            "(0, 4, 3)": 1,
            "(0, 5, 4)": 1,
            "(0, 6, 0)": 1
        },
        "join": [
            3,
            [
                5,
                [
                    4,
                    [
                        2,
                        [
                            1,
                            [
                                0,
                                6
                            ]
                        ]
                    ]
                ]
            ]
        ],
        "cost": 42129357.725251384,
        "energy": -510.9768204797171,
        "time": 0.006516933441162109,
        "optimal_cost": 42129357.72525138,
        "optimal_solution": [
            [
                5,
                [
                    4,
                    [
                        2,
                        [
                            1,
                            [
                                6,
                                0
                            ]
                        ]
                    ]
                ]
            ],
            3
        ],
        "found_optimal": true,
        "plans_are_equal": true
    }
}