{
    "Graph with 3 nodes and 3 edges": {
        "solution": [
            {
                "(0, 2, 1)": 1,
                "(0, 1, 0)": 1
            }
        ],
        "join": [
            2,
            [
                0,
                1
            ]
        ],
        "cost": 96199.56024891888,
        "time": 0.4736330509185791,
        "estimation_size": 200,
        "optimal_cost": 96121.76588411017,
        "optimal_solution": [
            2,
            [
                1,
                0
            ]
        ],
        "graph_aware_dynamic_programming_cost": 96199.56024891888,
        "graph_aware_dynamic_programming_solution": [
            2,
            [
                1,
                0
            ]
        ],
        "greedy_cost": 96199.56024891888,
        "greedy_solution": [
            2,
            [
                0,
                1
            ]
        ],
        "graph_aware_greedy_cost": 96199.56024891888,
        "graph_aware_greedy_solution": [
            2,
            [
                0,
                1
            ]
        ],
        "found_optimal": 19,
        "plans_are_equal": 19
    }
}