{
    "Graph with 6 nodes and 9 edges": {
        "solution": [
            {
                "(1, 2, 0)": 1,
                "(0, 1, 1)": 1,
                "(3, 5, 4)": 1,
                "(2, 4, 2)": 1,
                "(4, 5, 3)": 1
            }
        ],
        "join": [
            3,
            [
                5,
                [
                    4,
                    [
                        0,
                        [
                            1,
                            2
                        ]
                    ]
                ]
            ]
        ],
        "cost": 20609369.752665833,
        "time": 131.64892077445984,
        "estimation_size": 20,
        "optimal_cost": 20608234.480464283,
        "optimal_solution": [
            3,
            [
                5,
                [
                    [
                        0,
                        [
                            2,
                            1
                        ]
                    ],
                    4
                ]
            ]
        ],
        "graph_aware_dynamic_programming_cost": 20608234.480464283,
        "graph_aware_dynamic_programming_solution": [
            3,
            [
                5,
                [
                    [
                        0,
                        [
                            2,
                            1
                        ]
                    ],
                    4
                ]
            ]
        ],
        "greedy_cost": 20609369.752665833,
        "greedy_solution": [
            3,
            [
                5,
                [
                    4,
                    [
                        0,
                        [
                            1,
                            2
                        ]
                    ]
                ]
            ]
        ],
        "graph_aware_greedy_cost": 20609369.752665833,
        "graph_aware_greedy_solution": [
            3,
            [
                5,
                [
                    4,
                    [
                        0,
                        [
                            1,
                            2
                        ]
                    ]
                ]
            ]
        ],
        "found_optimal": 17,
        "plans_are_equal": 16
    }
}