{
    "Graph with 12 nodes and 66 edges": {
        "solution": {
            "(0, 9, 3)": 1,
            "(0, 5, 2)": 1,
            "(0, 3, 4)": 1,
            "(0, 7, 5)": 1,
            "(0, 6, 6)": 1,
            "(0, 4, 7)": 1,
            "(0, 2, 9)": 1,
            "(5, 8, 0)": 1,
            "(0, 1, 8)": 1,
            "(8, 10, 1)": 1,
            "(6, 11, 10)": 1,
            "(2, 11, 10)": 1
        },
        "join": [
            11,
            [
                2,
                [
                    1,
                    [
                        4,
                        [
                            6,
                            [
                                7,
                                [
                                    3,
                                    [
                                        9,
                                        [
                                            0,
                                            [
                                                10,
                                                [
                                                    5,
                                                    8
                                                ]
                                            ]
                                        ]
                                    ]
                                ]
                            ]
                        ]
                    ]
                ]
            ]
        ],
        "cost": 7.404292082832683,
        "optimal_cost": 7.360990794356143,
        "optimal_solution": [
            11,
            [
                6,
                [
                    4,
                    [
                        9,
                        [
                            3,
                            [
                                7,
                                [
                                    2,
                                    [
                                        1,
                                        [
                                            0,
                                            [
                                                10,
                                                [
                                                    8,
                                                    5
                                                ]
                                            ]
                                        ]
                                    ]
                                ]
                            ]
                        ]
                    ]
                ]
            ]
        ],
        "found_optimal": false,
        "plans_are_equal": false
    }
}