{
    "Graph with 16 nodes and 120 edges": {
        "solution": {
            "(0, 9, 3)": 1,
            "(0, 10, 0)": 1,
            "(0, 8, 4)": 1,
            "(0, 4, 5)": 1,
            "(0, 15, 6)": 1,
            "(0, 12, 7)": 1,
            "(0, 1, 8)": 1,
            "(0, 14, 9)": 1,
            "(0, 2, 10)": 1,
            "(0, 7, 11)": 1,
            "(0, 6, 12)": 1,
            "(0, 5, 13)": 1,
            "(0, 13, 1)": 1,
            "(0, 11, 2)": 1,
            "(3, 6, 14)": 1
        },
        "join": [
            3,
            [
                5,
                [
                    6,
                    [
                        7,
                        [
                            2,
                            [
                                14,
                                [
                                    1,
                                    [
                                        12,
                                        [
                                            15,
                                            [
                                                4,
                                                [
                                                    8,
                                                    [
                                                        9,
                                                        [
                                                            11,
                                                            [
                                                                13,
                                                                [
                                                                    0,
                                                                    10
                                                                ]
                                                            ]
                                                        ]
                                                    ]
                                                ]
                                            ]
                                        ]
                                    ]
                                ]
                            ]
                        ]
                    ]
                ]
            ]
        ],
        "cost": 9.428909272969,
        "optimal_cost": 9.42598301862414,
        "optimal_solution": [
            15,
            [
                7,
                [
                    5,
                    [
                        3,
                        [
                            2,
                            [
                                1,
                                [
                                    14,
                                    [
                                        6,
                                        [
                                            8,
                                            [
                                                9,
                                                [
                                                    12,
                                                    [
                                                        4,
                                                        [
                                                            11,
                                                            [
                                                                13,
                                                                [
                                                                    10,
                                                                    0
                                                                ]
                                                            ]
                                                        ]
                                                    ]
                                                ]
                                            ]
                                        ]
                                    ]
                                ]
                            ]
                        ]
                    ]
                ]
            ]
        ],
        "found_optimal": false,
        "plans_are_equal": false
    }
}