{
    "Graph with 9 nodes and 9 edges": {
        "solution": {
            "(0, 8, 0)": 1,
            "(0, 1, 1)": 1,
            "(1, 2, 2)": 1,
            "(2, 3, 3)": 1,
            "(3, 4, 4)": 1,
            "(4, 5, 5)": 1,
            "(5, 6, 6)": 1,
            "(7, 8, 7)": 1
        },
        "join": [
            7,
            [
                6,
                [
                    5,
                    [
                        4,
                        [
                            3,
                            [
                                2,
                                [
                                    1,
                                    [
                                        0,
                                        8
                                    ]
                                ]
                            ]
                        ]
                    ]
                ]
            ]
        ],
        "cost": 14448269.150497556,
        "optimal_cost": 14364558.176560842,
        "optimal_solution": [
            7,
            [
                3,
                [
                    4,
                    [
                        2,
                        [
                            6,
                            [
                                5,
                                [
                                    1,
                                    [
                                        8,
                                        0
                                    ]
                                ]
                            ]
                        ]
                    ]
                ]
            ]
        ],
        "found_optimal": false,
        "plans_are_equal": false
    }
}