{
    "Graph with 13 nodes and 78 edges": {
        "solution": {
            "(0, 12, 3)": 1,
            "(4, 6, 0)": 1,
            "(0, 9, 4)": 1,
            "(0, 2, 5)": 1,
            "(0, 1, 6)": 1,
            "(0, 10, 7)": 1,
            "(0, 7, 8)": 1,
            "(0, 8, 9)": 1,
            "(0, 5, 10)": 1,
            "(4, 11, 1)": 1,
            "(0, 4, 2)": 1,
            "(5, 8, 11)": 1,
            "(3, 5, 11)": 1,
            "(3, 8, 11)": 1
        },
        "join": [
            3,
            [
                5,
                [
                    8,
                    [
                        7,
                        [
                            10,
                            [
                                1,
                                [
                                    2,
                                    [
                                        9,
                                        [
                                            12,
                                            [
                                                0,
                                                [
                                                    11,
                                                    [
                                                        4,
                                                        6
                                                    ]
                                                ]
                                            ]
                                        ]
                                    ]
                                ]
                            ]
                        ]
                    ]
                ]
            ]
        ],
        "cost": 13.225213817760308,
        "optimal_cost": 8.98777519301384,
        "optimal_solution": [
            5,
            [
                8,
                [
                    7,
                    [
                        3,
                        [
                            10,
                            [
                                11,
                                [
                                    4,
                                    [
                                        6,
                                        [
                                            1,
                                            [
                                                2,
                                                [
                                                    9,
                                                    [
                                                        12,
                                                        0
                                                    ]
                                                ]
                                            ]
                                        ]
                                    ]
                                ]
                            ]
                        ]
                    ]
                ]
            ]
        ],
        "found_optimal": false,
        "plans_are_equal": false
    }
}