{
    "Graph with 11 nodes and 11 edges": {
        "solution": {
            "(1, 2, 1)": 1,
            "(0, 1, 0)": 1,
            "(0, 10, 2)": 1,
            "(9, 10, 3)": 1,
            "(2, 3, 5)": 1,
            "(8, 9, 4)": 1,
            "(3, 4, 6)": 1,
            "(5, 6, 8)": 1,
            "(4, 5, 7)": 1,
            "(6, 7, 9)": 1
        },
        "join": [
            7,
            [
                6,
                [
                    5,
                    [
                        4,
                        [
                            3,
                            [
                                8,
                                [
                                    9,
                                    [
                                        10,
                                        [
                                            2,
                                            [
                                                0,
                                                1
                                            ]
                                        ]
                                    ]
                                ]
                            ]
                        ]
                    ]
                ]
            ]
        ],
        "cost": 2611205329.2325315,
        "optimal_cost": 2610345275.419201,
        "optimal_solution": [
            7,
            [
                6,
                [
                    3,
                    [
                        8,
                        [
                            10,
                            [
                                9,
                                [
                                    [
                                        4,
                                        [
                                            2,
                                            [
                                                1,
                                                0
                                            ]
                                        ]
                                    ],
                                    5
                                ]
                            ]
                        ]
                    ]
                ]
            ]
        ],
        "found_optimal": false,
        "plans_are_equal": false
    }
}