{
    "Graph with 9 nodes and 36 edges": {
        "solution": {
            "(0, 2, 2)": 1,
            "(0, 8, 3)": 1,
            "(0, 6, 5)": 1,
            "(0, 3, 6)": 1,
            "(1, 7, 0)": 1,
            "(0, 4, 4)": 1,
            "(0, 1, 1)": 1,
            "(3, 5, 7)": 1,
            "(1, 5, 7)": 1
        },
        "join": [
            5,
            [
                3,
                [
                    6,
                    [
                        4,
                        [
                            8,
                            [
                                2,
                                [
                                    0,
                                    [
                                        1,
                                        7
                                    ]
                                ]
                            ]
                        ]
                    ]
                ]
            ]
        ],
        "cost": 14.236521186287034,
        "optimal_cost": 9.730452399496324,
        "optimal_solution": [
            3,
            [
                6,
                [
                    5,
                    [
                        8,
                        [
                            7,
                            [
                                1,
                                [
                                    4,
                                    [
                                        2,
                                        0
                                    ]
                                ]
                            ]
                        ]
                    ]
                ]
            ]
        ],
        "found_optimal": false,
        "plans_are_equal": false
    }
}