{
    "Graph with 10 nodes and 10 edges": {
        "solution": {
            "(2, 3, 1)": 1,
            "(0, 1, 2)": 1,
            "(3, 4, 3)": 1,
            "(1, 2, 0)": 1,
            "(0, 9, 4)": 1,
            "(4, 5, 5)": 1,
            "(8, 9, 7)": 1,
            "(5, 6, 6)": 1,
            "(6, 7, 8)": 1
        },
        "join": [
            7,
            [
                8,
                [
                    6,
                    [
                        5,
                        [
                            9,
                            [
                                4,
                                [
                                    0,
                                    [
                                        3,
                                        [
                                            1,
                                            2
                                        ]
                                    ]
                                ]
                            ]
                        ]
                    ]
                ]
            ]
        ],
        "cost": 19368116436.918625,
        "optimal_cost": 19359253045.827797,
        "optimal_solution": [
            7,
            [
                8,
                [
                    9,
                    [
                        0,
                        [
                            1,
                            [
                                4,
                                [
                                    [
                                        2,
                                        [
                                            6,
                                            5
                                        ]
                                    ],
                                    3
                                ]
                            ]
                        ]
                    ]
                ]
            ]
        ],
        "found_optimal": false,
        "plans_are_equal": false
    }
}