{
    "Graph with 11 nodes and 55 edges": {
        "solution": {
            "(0, 10, 3)": 1,
            "(0, 5, 2)": 1,
            "(0, 3, 4)": 1,
            "(0, 2, 5)": 1,
            "(0, 7, 6)": 1,
            "(0, 9, 7)": 1,
            "(0, 6, 8)": 1,
            "(1, 4, 0)": 1,
            "(0, 4, 1)": 1,
            "(8, 9, 9)": 1,
            "(6, 9, 9)": 1,
            "(6, 8, 9)": 1
        },
        "join": [
            8,
            [
                6,
                [
                    9,
                    [
                        7,
                        [
                            2,
                            [
                                3,
                                [
                                    10,
                                    [
                                        5,
                                        [
                                            0,
                                            [
                                                1,
                                                4
                                            ]
                                        ]
                                    ]
                                ]
                            ]
                        ]
                    ]
                ]
            ]
        ],
        "cost": 6.910930031841574,
        "optimal_cost": 6.10903629811215,
        "optimal_solution": [
            8,
            [
                9,
                [
                    6,
                    [
                        10,
                        [
                            5,
                            [
                                7,
                                [
                                    2,
                                    [
                                        3,
                                        [
                                            4,
                                            [
                                                1,
                                                0
                                            ]
                                        ]
                                    ]
                                ]
                            ]
                        ]
                    ]
                ]
            ]
        ],
        "found_optimal": false,
        "plans_are_equal": false
    }
}