{
    "Graph with 7 nodes and 21 edges": {
        "solution": {
            "(1, 2, 1)": 1,
            "(2, 4, 0)": 1,
            "(1, 6, 2)": 1,
            "(1, 5, 3)": 1,
            "(3, 4, 5)": 1,
            "(0, 5, 4)": 1
        },
        "join": [
            3,
            [
                0,
                [
                    5,
                    [
                        6,
                        [
                            1,
                            [
                                2,
                                4
                            ]
                        ]
                    ]
                ]
            ]
        ],
        "cost": 43.250678582900186,
        "optimal_cost": 35.700949602579854,
        "optimal_solution": [
            3,
            [
                5,
                [
                    0,
                    [
                        6,
                        [
                            [
                                4,
                                2
                            ],
                            1
                        ]
                    ]
                ]
            ]
        ],
        "found_optimal": false,
        "plans_are_equal": false
    }
}