{
    "Graph with 13 nodes and 13 edges": {
        "solution": {
            "(10, 11, 0)": 1,
            "(11, 12, 2)": 1,
            "(0, 12, 3)": 1,
            "(9, 10, 1)": 1,
            "(8, 9, 4)": 1,
            "(0, 1, 6)": 1,
            "(7, 8, 5)": 1,
            "(1, 2, 7)": 1,
            "(3, 4, 9)": 1,
            "(2, 3, 8)": 1,
            "(4, 5, 10)": 1,
            "(6, 7, 11)": 1
        },
        "join": [
            6,
            [
                5,
                [
                    4,
                    [
                        3,
                        [
                            2,
                            [
                                1,
                                [
                                    7,
                                    [
                                        8,
                                        [
                                            0,
                                            [
                                                12,
                                                [
                                                    9,
                                                    [
                                                        10,
                                                        11
                                                    ]
                                                ]
                                            ]
                                        ]
                                    ]
                                ]
                            ]
                        ]
                    ]
                ]
            ]
        ],
        "cost": 30379512885.135345,
        "optimal_cost": 30356261783.66436,
        "optimal_solution": [
            6,
            [
                [
                    7,
                    [
                        8,
                        [
                            1,
                            [
                                2,
                                [
                                    3,
                                    [
                                        4,
                                        [
                                            0,
                                            [
                                                12,
                                                [
                                                    9,
                                                    [
                                                        11,
                                                        10
                                                    ]
                                                ]
                                            ]
                                        ]
                                    ]
                                ]
                            ]
                        ]
                    ]
                ],
                5
            ]
        ],
        "found_optimal": false,
        "plans_are_equal": false
    }
}