{
    "Graph with 10 nodes and 45 edges": {
        "solution": {
            "(4, 9, 0)": 1,
            "(0, 1, 4)": 1,
            "(0, 3, 5)": 1,
            "(0, 4, 3)": 1,
            "(0, 2, 6)": 1,
            "(0, 5, 7)": 1,
            "(4, 6, 1)": 1,
            "(6, 8, 2)": 1,
            "(5, 8, 8)": 1,
            "(5, 7, 8)": 1
        },
        "join": [
            7,
            [
                5,
                [
                    2,
                    [
                        3,
                        [
                            1,
                            [
                                0,
                                [
                                    8,
                                    [
                                        6,
                                        [
                                            4,
                                            9
                                        ]
                                    ]
                                ]
                            ]
                        ]
                    ]
                ]
            ]
        ],
        "cost": 127.60248139484302,
        "optimal_cost": 72.97594306777566,
        "optimal_solution": [
            8,
            [
                2,
                [
                    6,
                    [
                        9,
                        [
                            4,
                            [
                                3,
                                [
                                    0,
                                    [
                                        1,
                                        [
                                            7,
                                            5
                                        ]
                                    ]
                                ]
                            ]
                        ]
                    ]
                ]
            ]
        ],
        "found_optimal": false,
        "plans_are_equal": false
    }
}