{
    "Graph with 5 nodes and 10 edges": {
        "solution": {
            "(1, 3, 1)": 1,
            "(0, 1, 0)": 1,
            "(2, 3, 3)": 1,
            "(3, 4, 2)": 1
        },
        "join": [
            2,
            [
                4,
                [
                    3,
                    [
                        0,
                        1
                    ]
                ]
            ]
        ],
        "cost": 2306.7086220154024,
        "time": 13.795328617095947,
        "optimal_cost": 1589.0642442965946,
        "optimal_solution": [
            2,
            [
                3,
                [
                    0,
                    [
                        4,
                        1
                    ]
                ]
            ]
        ],
        "found_optimal": false,
        "plans_are_equal": false,
        "greedy_cost": 1589.0642442965948,
        "greedy_solution": [
            2,
            [
                3,
                [
                    0,
                    [
                        1,
                        4
                    ]
                ]
            ]
        ]
    }
}