{
    "Graph with 6 nodes and 15 edges": {
        "solution": {
            "(0, 4, 0)": 1,
            "(1, 5, 2)": 1,
            "(0, 1, 1)": 1,
            "(1, 3, 3)": 1,
            "(0, 2, 4)": 1
        },
        "join": [
            2,
            [
                3,
                [
                    5,
                    [
                        1,
                        [
                            0,
                            4
                        ]
                    ]
                ]
            ]
        ],
        "cost": 23.50543916989006,
        "time": 121.96485757827759,
        "optimal_cost": 16.691100268330906,
        "optimal_solution": [
            2,
            [
                1,
                [
                    5,
                    [
                        3,
                        [
                            4,
                            0
                        ]
                    ]
                ]
            ]
        ],
        "found_optimal": false,
        "plans_are_equal": false,
        "greedy_cost": 16.691100268330906,
        "greedy_solution": [
            2,
            [
                1,
                [
                    5,
                    [
                        3,
                        [
                            0,
                            4
                        ]
                    ]
                ]
            ]
        ]
    }
}