{
    "Graph with 7 nodes and 7 edges": {
        "solution": [
            {
                "(4, 5, 0)": 1,
                "(0, 6, 2)": 1,
                "(5, 6, 1)": 1,
                "(0, 1, 3)": 1,
                "(2, 3, 5)": 1,
                "(1, 2, 4)": 1
            }
        ],
        "join": [
            3,
            [
                2,
                [
                    1,
                    [
                        0,
                        [
                            6,
                            [
                                4,
                                5
                            ]
                        ]
                    ]
                ]
            ]
        ],
        "cost": 1435733342.4838157,
        "energy": -257.87476987827694,
        "estimation_size": 40,
        "dynamic_programming_cost": 1435463909.655235,
        "dynamic_programming_solution": [
            3,
            [
                2,
                [
                    6,
                    [
                        1,
                        [
                            0,
                            [
                                5,
                                4
                            ]
                        ]
                    ]
                ]
            ]
        ],
        "graph_aware_dynamic_programming_cost": 1435722630.4702623,
        "graph_aware_dynamic_programming_solution": [
            3,
            [
                [
                    1,
                    [
                        [
                            6,
                            [
                                5,
                                4
                            ]
                        ],
                        0
                    ]
                ],
                2
            ]
        ],
        "greedy_cost": 1436119376.7828798,
        "greedy_solution": [
            3,
            [
                6,
                [
                    5,
                    [
                        4,
                        [
                            2,
                            [
                                0,
                                1
                            ]
                        ]
                    ]
                ]
            ]
        ],
        "graph_aware_greedy_cost": 1437889566.5707445,
        "graph_aware_greedy_solution": [
            3,
            [
                4,
                [
                    5,
                    [
                        6,
                        [
                            2,
                            [
                                0,
                                1
                            ]
                        ]
                    ]
                ]
            ]
        ],
        "found_optimal": 0,
        "plans_are_equal": 11
    }
}