{
    "Graph with 8 nodes and 8 edges": {
        "solution": [
            {
                "(2, 3, 1)": 1,
                "(1, 2, 0)": 1,
                "(3, 4, 2)": 1,
                "(4, 5, 4)": 1,
                "(5, 6, 5)": 1,
                "(0, 7, 6)": 1,
                "(0, 1, 3)": 1
            }
        ],
        "join": [
            7,
            [
                6,
                [
                    5,
                    [
                        0,
                        [
                            4,
                            [
                                3,
                                [
                                    1,
                                    2
                                ]
                            ]
                        ]
                    ]
                ]
            ]
        ],
        "cost": 43059855687.69735,
        "energy": -298.4532913087166,
        "estimation_size": 40,
        "dynamic_programming_cost": 43045984453.807526,
        "dynamic_programming_solution": [
            5,
            [
                7,
                [
                    6,
                    [
                        0,
                        [
                            1,
                            [
                                2,
                                [
                                    4,
                                    3
                                ]
                            ]
                        ]
                    ]
                ]
            ]
        ],
        "graph_aware_dynamic_programming_cost": 43050460239.21689,
        "graph_aware_dynamic_programming_solution": [
            5,
            [
                [
                    7,
                    [
                        0,
                        [
                            1,
                            [
                                2,
                                [
                                    4,
                                    3
                                ]
                            ]
                        ]
                    ]
                ],
                6
            ]
        ],
        "greedy_cost": 43059090162.243706,
        "greedy_solution": [
            7,
            [
                6,
                [
                    5,
                    [
                        3,
                        [
                            4,
                            [
                                2,
                                [
                                    0,
                                    1
                                ]
                            ]
                        ]
                    ]
                ]
            ]
        ],
        "graph_aware_greedy_cost": 43067580780.64308,
        "graph_aware_greedy_solution": [
            7,
            [
                6,
                [
                    5,
                    [
                        4,
                        [
                            3,
                            [
                                2,
                                [
                                    0,
                                    1
                                ]
                            ]
                        ]
                    ]
                ]
            ]
        ],
        "found_optimal": 0,
        "plans_are_equal": 5
    }
}