{
    "Graph with 5 nodes and 10 edges": {
        "solution": [
            {
                "(0, 1, 1)": 1,
                "(0, 3, 2)": 1,
                "(1, 4, 0)": 1,
                "(2, 3, 3)": 1
            }
        ],
        "join": [
            2,
            [
                3,
                [
                    0,
                    [
                        1,
                        4
                    ]
                ]
            ]
        ],
        "cost": 187691.31149833658,
        "time": 841.2454171180725,
        "estimation_size": 20,
        "optimal_cost": 187691.31149833655,
        "optimal_solution": [
            2,
            [
                3,
                [
                    0,
                    [
                        4,
                        1
                    ]
                ]
            ]
        ],
        "graph_aware_dynamic_programming_cost": 187691.31149833655,
        "graph_aware_dynamic_programming_solution": [
            2,
            [
                3,
                [
                    0,
                    [
                        4,
                        1
                    ]
                ]
            ]
        ],
        "greedy_cost": 188136.16579252732,
        "greedy_solution": [
            2,
            [
                3,
                [
                    0,
                    [
                        1,
                        4
                    ]
                ]
            ]
        ],
        "graph_aware_greedy_cost": 188136.16579252732,
        "graph_aware_greedy_solution": [
            2,
            [
                3,
                [
                    0,
                    [
                        1,
                        4
                    ]
                ]
            ]
        ],
        "found_optimal": 0,
        "plans_are_equal": 20
    }
}