{
    "Graph with 6 nodes and 15 edges": {
        "solution": [
            {
                "(0, 4, 0)": 1,
                "(1, 2, 4)": 1,
                "(1, 5, 3)": 1,
                "(3, 4, 1)": 1,
                "(3, 5, 2)": 1
            }
        ],
        "join": [
            2,
            [
                1,
                [
                    5,
                    [
                        3,
                        [
                            0,
                            4
                        ]
                    ]
                ]
            ]
        ],
        "cost": 714718.1133999255,
        "time": 4856.118808269501,
        "estimation_size": 20,
        "optimal_cost": 714314.7569219666,
        "optimal_solution": [
            2,
            [
                1,
                [
                    5,
                    [
                        3,
                        [
                            4,
                            0
                        ]
                    ]
                ]
            ]
        ],
        "graph_aware_dynamic_programming_cost": 714314.7569219666,
        "graph_aware_dynamic_programming_solution": [
            2,
            [
                1,
                [
                    5,
                    [
                        3,
                        [
                            4,
                            0
                        ]
                    ]
                ]
            ]
        ],
        "greedy_cost": 724137.9144915973,
        "greedy_solution": [
            2,
            [
                1,
                [
                    5,
                    [
                        3,
                        [
                            0,
                            4
                        ]
                    ]
                ]
            ]
        ],
        "graph_aware_greedy_cost": 724137.9144915973,
        "graph_aware_greedy_solution": [
            2,
            [
                1,
                [
                    5,
                    [
                        3,
                        [
                            0,
                            4
                        ]
                    ]
                ]
            ]
        ],
        "found_optimal": 0,
        "plans_are_equal": 15
    }
}