{
    "Graph with 5 nodes and 4 edges": {
        "solution": [
            {
                "(0, 1, 0)": 1,
                "(0, 2, 1)": 1,
                "(0, 3, 3)": 1,
                "(0, 4, 2)": 1
            }
        ],
        "join": [
            3,
            [
                4,
                [
                    2,
                    [
                        0,
                        1
                    ]
                ]
            ]
        ],
        "cost": 13766969.358949464,
        "energy": -981.3541321296638,
        "estimation_size": 300,
        "time": 5.364725828170776,
        "dynamic_programming_cost": 13766913.481243795,
        "dynamic_programming_solution": [
            3,
            [
                [
                    2,
                    [
                        1,
                        0
                    ]
                ],
                4
            ]
        ],
        "graph_aware_dynamic_programming_cost": 13766969.358949462,
        "graph_aware_dynamic_programming_solution": [
            3,
            [
                [
                    2,
                    [
                        1,
                        0
                    ]
                ],
                4
            ]
        ],
        "greedy_cost": 13766969.358949464,
        "greedy_solution": [
            3,
            [
                4,
                [
                    2,
                    [
                        0,
                        1
                    ]
                ]
            ]
        ],
        "graph_aware_greedy_cost": 13766969.358949464,
        "graph_aware_greedy_solution": [
            3,
            [
                4,
                [
                    2,
                    [
                        0,
                        1
                    ]
                ]
            ]
        ],
        "found_optimal": 18,
        "plans_are_equal": 18
    }
}