{
    "Graph with 5 nodes and 5 edges": {
        "solution": {
            "(0, 1, 0)": 1,
            "(0, 4, 2)": 1,
            "(1, 2, 1)": 1,
            "(3, 4, 3)": 1
        },
        "join": [
            3,
            [
                4,
                [
                    2,
                    [
                        0,
                        1
                    ]
                ]
            ]
        ],
        "cost": 181453.81633069276,
        "energy": -8.967433033906055,
        "time": 14.649709463119507,
        "optimal_cost": 181453.81633069276,
        "optimal_solution": [
            3,
            [
                4,
                [
                    2,
                    [
                        1,
                        0
                    ]
                ]
            ]
        ],
        "found_optimal": true,
        "plans_are_equal": true
    }
}