{
    "Graph with 6 nodes and 5 edges": {
        "solution": {
            "(0, 1, 3)": 1,
            "(1, 2, 2)": 1,
            "(2, 3, 1)": 1,
            "(3, 4, 0)": 1,
            "(4, 5, 4)": 1
        },
        "join": [
            5,
            [
                0,
                [
                    1,
                    [
                        2,
                        [
                            3,
                            4
                        ]
                    ]
                ]
            ]
        ],
        "cost": 23695.26852220912,
        "energy": -10.924582517826238,
        "time": 8.477218627929688,
        "optimal_cost": 23695.26852220912,
        "optimal_solution": [
            5,
            [
                0,
                [
                    1,
                    [
                        2,
                        [
                            4,
                            3
                        ]
                    ]
                ]
            ]
        ],
        "found_optimal": true,
        "plans_are_equal": true
    }
}