{
    "Graph with 8 nodes and 7 edges": {
        "solution": [
            {
                "(6, 7, 6)": 1,
                "(0, 1, 5)": 1,
                "(2, 3, 3)": 1,
                "(1, 2, 4)": 1,
                "(4, 5, 1)": 1,
                "(3, 4, 2)": 1,
                "(5, 6, 0)": 1
            }
        ],
        "join": [
            7,
            [
                0,
                [
                    1,
                    [
                        2,
                        [
                            3,
                            [
                                4,
                                [
                                    5,
                                    6
                                ]
                            ]
                        ]
                    ]
                ]
            ]
        ],
        "cost": 2795134575.2260036,
        "time": 601.4563701152802,
        "estimation_size": 2,
        "optimal_cost": 2783877854.6987295,
        "optimal_solution": [
            1,
            [
                0,
                [
                    2,
                    [
                        7,
                        [
                            3,
                            [
                                4,
                                [
                                    6,
                                    5
                                ]
                            ]
                        ]
                    ]
                ]
            ]
        ],
        "graph_aware_dynamic_programming_cost": 2795118910.447635,
        "graph_aware_dynamic_programming_solution": [
            7,
            [
                [
                    1,
                    [
                        2,
                        [
                            3,
                            [
                                4,
                                [
                                    6,
                                    5
                                ]
                            ]
                        ]
                    ]
                ],
                0
            ]
        ],
        "greedy_cost": 2785932601.7248898,
        "greedy_solution": [
            1,
            [
                0,
                [
                    2,
                    [
                        3,
                        [
                            4,
                            [
                                7,
                                [
                                    5,
                                    6
                                ]
                            ]
                        ]
                    ]
                ]
            ]
        ],
        "graph_aware_greedy_cost": 2807880529.9446096,
        "graph_aware_greedy_solution": [
            0,
            [
                1,
                [
                    2,
                    [
                        3,
                        [
                            4,
                            [
                                7,
                                [
                                    5,
                                    6
                                ]
                            ]
                        ]
                    ]
                ]
            ]
        ],
        "found_optimal": 1,
        "plans_are_equal": 0
    }
}