{
    "Graph with 3 nodes and 2 edges": {
        "solution": [
            {
                "(0, 1, 0)": 1,
                "(1, 2, 1)": 1
            }
        ],
        "join": [
            2,
            [
                0,
                1
            ]
        ],
        "cost": 110589.38388462971,
        "energy": -580.6724615653995,
        "estimation_size": 300,
        "time": 0.00600886344909668,
        "dynamic_programming_cost": 110511.589519821,
        "dynamic_programming_solution": [
            2,
            [
                1,
                0
            ]
        ],
        "graph_aware_dynamic_programming_cost": 110589.38388462971,
        "graph_aware_dynamic_programming_solution": [
            2,
            [
                1,
                0
            ]
        ],
        "greedy_cost": 110589.38388462971,
        "greedy_solution": [
            2,
            [
                0,
                1
            ]
        ],
        "graph_aware_greedy_cost": 110589.38388462971,
        "graph_aware_greedy_solution": [
            2,
            [
                0,
                1
            ]
        ],
        "found_optimal": 19,
        "plans_are_equal": 19
    }
}