{
    "Graph with 4 nodes and 3 edges": {
        "solution": {
            "(2, 3, 2)": 1,
            "(1, 2, 0)": 1,
            "(0, 1, 1)": 1
        },
        "join": [
            3,
            [
                0,
                [
                    1,
                    2
                ]
            ]
        ],
        "cost": 9909.788056415378,
        "time": 0.01999974250793457,
        "optimal_cost": 9909.788056415377,
        "optimal_solution": [
            [
                [
                    2,
                    1
                ],
                0
            ],
            3
        ],
        "found_optimal": true,
        "plans_are_equal": true,
        "greedy_cost": 9909.788056415378,
        "greedy_solution": [
            3,
            [
                0,
                [
                    1,
                    2
                ]
            ]
        ]
    }
}