{
    "Graph with 13 nodes and 12 edges": {
        "solution": {
            "(0, 9, 2)": 1,
            "(0, 5, 1)": 1,
            "(0, 2, 3)": 1,
            "(0, 11, 4)": 1,
            "(0, 12, 0)": 1,
            "(0, 10, 5)": 1,
            "(0, 1, 6)": 1,
            "(0, 4, 7)": 1,
            "(0, 3, 8)": 1,
            "(0, 6, 9)": 1,
            "(0, 8, 10)": 1,
            "(0, 7, 11)": 1
        },
        "join": [
            7,
            [
                8,
                [
                    6,
                    [
                        3,
                        [
                            4,
                            [
                                1,
                                [
                                    10,
                                    [
                                        11,
                                        [
                                            2,
                                            [
                                                9,
                                                [
                                                    5,
                                                    [
                                                        0,
                                                        12
                                                    ]
                                                ]
                                            ]
                                        ]
                                    ]
                                ]
                            ]
                        ]
                    ]
                ]
            ]
        ],
        "cost": 149246954334.0359,
        "time": 0.02001166343688965,
        "optimal_cost": 149246954334.03583,
        "optimal_solution": [
            7,
            [
                8,
                [
                    6,
                    [
                        3,
                        [
                            [
                                1,
                                [
                                    [
                                        11,
                                        [
                                            2,
                                            [
                                                9,
                                                [
                                                    5,
                                                    [
                                                        12,
                                                        0
                                                    ]
                                                ]
                                            ]
                                        ]
                                    ],
                                    10
                                ]
                            ],
                            4
                        ]
                    ]
                ]
            ]
        ],
        "found_optimal": true,
        "plans_are_equal": true,
        "greedy_cost": 149246954334.0359,
        "greedy_solution": [
            7,
            [
                8,
                [
                    6,
                    [
                        3,
                        [
                            4,
                            [
                                1,
                                [
                                    10,
                                    [
                                        11,
                                        [
                                            2,
                                            [
                                                9,
                                                [
                                                    5,
                                                    [
                                                        0,
                                                        12
                                                    ]
                                                ]
                                            ]
                                        ]
                                    ]
                                ]
                            ]
                        ]
                    ]
                ]
            ]
        ]
    }
}