{
    "Graph with 11 nodes and 10 edges": {
        "solution": {
            "(4, 6, 4)": 1,
            "(7, 10, 3)": 1,
            "(1, 6, 5)": 1,
            "(2, 6, 6)": 1,
            "(6, 9, 7)": 1,
            "(7, 8, 8)": 1,
            "(4, 7, 2)": 1,
            "(0, 4, 1)": 1,
            "(5, 8, 9)": 1,
            "(0, 3, 0)": 1
        },
        "join": [
            5,
            [
                8,
                [
                    9,
                    [
                        2,
                        [
                            1,
                            [
                                6,
                                [
                                    10,
                                    [
                                        7,
                                        [
                                            4,
                                            [
                                                0,
                                                3
                                            ]
                                        ]
                                    ]
                                ]
                            ]
                        ]
                    ]
                ]
            ]
        ],
        "cost": 11917095189.835976,
        "time": 0.02300286293029785,
        "optimal_cost": 11873158396.408405,
        "optimal_solution": [
            8,
            [
                5,
                [
                    9,
                    [
                        2,
                        [
                            [
                                7,
                                [
                                    4,
                                    [
                                        6,
                                        [
                                            1,
                                            [
                                                3,
                                                0
                                            ]
                                        ]
                                    ]
                                ]
                            ],
                            10
                        ]
                    ]
                ]
            ]
        ],
        "found_optimal": false,
        "plans_are_equal": false,
        "greedy_cost": 11873181025.071497,
        "greedy_solution": [
            8,
            [
                5,
                [
                    9,
                    [
                        2,
                        [
                            6,
                            [
                                1,
                                [
                                    10,
                                    [
                                        7,
                                        [
                                            4,
                                            [
                                                0,
                                                3
                                            ]
                                        ]
                                    ]
                                ]
                            ]
                        ]
                    ]
                ]
            ]
        ]
    }
}