{
    "Graph with 10 nodes and 9 edges": {
        "solution": {
            "(5, 6, 3)": 1,
            "(3, 4, 0)": 1,
            "(6, 7, 4)": 1,
            "(7, 8, 5)": 1,
            "(2, 3, 1)": 1,
            "(4, 5, 2)": 1,
            "(1, 2, 7)": 1,
            "(8, 9, 6)": 1,
            "(0, 1, 8)": 1
        },
        "join": [
            0,
            [
                1,
                [
                    9,
                    [
                        8,
                        [
                            7,
                            [
                                6,
                                [
                                    5,
                                    [
                                        2,
                                        [
                                            3,
                                            4
                                        ]
                                    ]
                                ]
                            ]
                        ]
                    ]
                ]
            ]
        ],
        "cost": 31233968722.629284,
        "time": 0.04999971389770508,
        "optimal_cost": 31214415494.8777,
        "optimal_solution": [
            0,
            [
                1,
                [
                    5,
                    [
                        8,
                        [
                            9,
                            [
                                7,
                                [
                                    6,
                                    [
                                        2,
                                        [
                                            4,
                                            3
                                        ]
                                    ]
                                ]
                            ]
                        ]
                    ]
                ]
            ]
        ],
        "found_optimal": false,
        "plans_are_equal": false,
        "greedy_cost": 33810167143.946793,
        "greedy_solution": [
            7,
            [
                6,
                [
                    5,
                    [
                        3,
                        [
                            4,
                            [
                                8,
                                [
                                    9,
                                    [
                                        2,
                                        [
                                            0,
                                            1
                                        ]
                                    ]
                                ]
                            ]
                        ]
                    ]
                ]
            ]
        ]
    }
}