{
    "Graph with 14 nodes and 13 edges": {
        "solution": {
            "(4, 12, 6)": 1,
            "(8, 10, 5)": 1,
            "(0, 4, 7)": 1,
            "(6, 7, 3)": 1,
            "(7, 8, 4)": 1,
            "(0, 9, 8)": 1,
            "(4, 13, 9)": 1,
            "(1, 13, 10)": 1,
            "(11, 13, 11)": 1,
            "(5, 6, 2)": 1,
            "(3, 12, 12)": 1,
            "(2, 6, 1)": 1,
            "(6, 12, 0)": 1
        },
        "join": [
            3,
            [
                11,
                [
                    1,
                    [
                        13,
                        [
                            9,
                            [
                                0,
                                [
                                    4,
                                    [
                                        10,
                                        [
                                            8,
                                            [
                                                7,
                                                [
                                                    5,
                                                    [
                                                        2,
                                                        [
                                                            6,
                                                            12
                                                        ]
                                                    ]
                                                ]
                                            ]
                                        ]
                                    ]
                                ]
                            ]
                        ]
                    ]
                ]
            ]
        ],
        "cost": 287663115037.85974,
        "time": 0.05800938606262207,
        "optimal_cost": 287644949405.21747,
        "optimal_solution": [
            3,
            [
                11,
                [
                    4,
                    [
                        [
                            1,
                            [
                                13,
                                [
                                    5,
                                    [
                                        9,
                                        [
                                            0,
                                            [
                                                12,
                                                [
                                                    2,
                                                    [
                                                        6,
                                                        [
                                                            8,
                                                            7
                                                        ]
                                                    ]
                                                ]
                                            ]
                                        ]
                                    ]
                                ]
                            ]
                        ],
                        10
                    ]
                ]
            ]
        ],
        "found_optimal": false,
        "plans_are_equal": false,
        "greedy_cost": 287663164057.9239,
        "greedy_solution": [
            3,
            [
                11,
                [
                    1,
                    [
                        13,
                        [
                            10,
                            [
                                8,
                                [
                                    7,
                                    [
                                        4,
                                        [
                                            9,
                                            [
                                                0,
                                                [
                                                    5,
                                                    [
                                                        12,
                                                        [
                                                            2,
                                                            6
                                                        ]
                                                    ]
                                                ]
                                            ]
                                        ]
                                    ]
                                ]
                            ]
                        ]
                    ]
                ]
            ]
        ]
    }
}