{
    "Graph with 5 nodes and 5 edges": {
        "solution": {
            "(2, 3, 0)": 1,
            "(1, 2, 0)": 1,
            "(0, 1, 1)": 1,
            "(2, 3, 1)": 1,
            "(2, 3, 2)": 1,
            "(1, 2, 3)": 1,
            "(0, 4, 3)": 1,
            "(0, 4, 2)": 1
        },
        "join": [
            4,
            [
                0,
                [
                    1,
                    [
                        2,
                        3
                    ]
                ]
            ]
        ],
        "cost": 202474.73152529605,
        "optimal_cost": 181453.81633069276,
        "optimal_solution": [
            3,
            [
                4,
                [
                    2,
                    [
                        1,
                        0
                    ]
                ]
            ]
        ],
        "found_optimal": false,
        "plans_are_equal": false
    }
}