{
    "Graph with 7 nodes and 6 edges": {
        "solution": [
            {
                "(4, 5, 4)": 1,
                "(5, 6, 5)": 1,
                "(2, 3, 1)": 1,
                "(3, 4, 2)": 1,
                "(0, 1, 3)": 1,
                "(1, 2, 0)": 1
            }
        ],
        "join": [
            6,
            [
                5,
                [
                    0,
                    [
                        4,
                        [
                            3,
                            [
                                1,
                                2
                            ]
                        ]
                    ]
                ]
            ]
        ],
        "cost": 2985156364.802323,
        "energy": -257.8891887681864,
        "estimation_size": 200,
        "dynamic_programming_cost": 2961601637.179622,
        "dynamic_programming_solution": [
            3,
            [
                4,
                [
                    [
                        1,
                        [
                            0,
                            [
                                6,
                                5
                            ]
                        ]
                    ],
                    2
                ]
            ]
        ],
        "graph_aware_dynamic_programming_cost": 2974360478.3598356,
        "graph_aware_dynamic_programming_solution": [
            0,
            [
                1,
                [
                    2,
                    [
                        3,
                        [
                            [
                                6,
                                5
                            ],
                            4
                        ]
                    ]
                ]
            ]
        ],
        "greedy_cost": 2966881595.695532,
        "greedy_solution": [
            3,
            [
                6,
                [
                    5,
                    [
                        4,
                        [
                            2,
                            [
                                0,
                                1
                            ]
                        ]
                    ]
                ]
            ]
        ],
        "graph_aware_greedy_cost": 2974905705.2191405,
        "graph_aware_greedy_solution": [
            6,
            [
                5,
                [
                    4,
                    [
                        3,
                        [
                            2,
                            [
                                0,
                                1
                            ]
                        ]
                    ]
                ]
            ]
        ],
        "found_optimal": 0,
        "plans_are_equal": 1
    }
}