{
    "Graph with 9 nodes and 36 edges": {
        "solution": {
            "(0, 2, 2)": 1,
            "(0, 8, 3)": 1,
            "(0, 5, 4)": 1,
            "(0, 7, 1)": 1,
            "(0, 4, 5)": 1,
            "(0, 1, 0)": 1,
            "(3, 5, 7)": 1,
            "(1, 3, 6)": 1,
            "(3, 7, 6)": 1,
            "(1, 5, 7)": 1,
            "(2, 6, 7)": 1
        },
        "join": [
            6,
            [
                3,
                [
                    4,
                    [
                        5,
                        [
                            8,
                            [
                                2,
                                [
                                    7,
                                    [
                                        0,
                                        1
                                    ]
                                ]
                            ]
                        ]
                    ]
                ]
            ]
        ],
        "cost": 15.520539679065068,
        "time": 140.39560294151306,
        "optimal_cost": 9.730452399496324,
        "optimal_solution": [
            3,
            [
                6,
                [
                    5,
                    [
                        8,
                        [
                            7,
                            [
                                1,
                                [
                                    4,
                                    [
                                        2,
                                        0
                                    ]
                                ]
                            ]
                        ]
                    ]
                ]
            ]
        ],
        "found_optimal": false,
        "plans_are_equal": false,
        "greedy_cost": 9.730452399496324,
        "greedy_solution": [
            3,
            [
                6,
                [
                    5,
                    [
                        8,
                        [
                            7,
                            [
                                1,
                                [
                                    4,
                                    [
                                        0,
                                        2
                                    ]
                                ]
                            ]
                        ]
                    ]
                ]
            ]
        ],
        "number_of_nodes": 9,
        "number_of_edges": 36,
        "method": "heuristic_1",
        "graph_type": "clique"
    }
}