{
    "Graph with 10 nodes and 45 edges": {
        "solution": [
            {
                "(0, 1, 2)": 1,
                "(0, 2, 4)": 1,
                "(0, 3, 3)": 1,
                "(0, 4, 5)": 1,
                "(0, 5, 7)": 1,
                "(0, 6, 8)": 1,
                "(0, 8, 6)": 1,
                "(1, 7, 1)": 1,
                "(1, 9, 0)": 1
            }
        ],
        "join": [
            6,
            [
                5,
                [
                    8,
                    [
                        4,
                        [
                            2,
                            [
                                3,
                                [
                                    0,
                                    [
                                        7,
                                        [
                                            1,
                                            9
                                        ]
                                    ]
                                ]
                            ]
                        ]
                    ]
                ]
            ]
        ],
        "cost": 449.41838468707454,
        "time": 0.47703123092651367,
        "estimation_size": 20,
        "optimal_cost": 430.8195721820449,
        "optimal_solution": [
            6,
            [
                5,
                [
                    8,
                    [
                        4,
                        [
                            0,
                            [
                                3,
                                [
                                    2,
                                    [
                                        7,
                                        [
                                            9,
                                            1
                                        ]
                                    ]
                                ]
                            ]
                        ]
                    ]
                ]
            ]
        ],
        "graph_aware_dynamic_programming_cost": 430.8195721820449,
        "graph_aware_dynamic_programming_solution": [
            6,
            [
                5,
                [
                    8,
                    [
                        4,
                        [
                            0,
                            [
                                3,
                                [
                                    2,
                                    [
                                        7,
                                        [
                                            9,
                                            1
                                        ]
                                    ]
                                ]
                            ]
                        ]
                    ]
                ]
            ]
        ],
        "greedy_cost": 449.41838468707454,
        "greedy_solution": [
            6,
            [
                5,
                [
                    8,
                    [
                        4,
                        [
                            2,
                            [
                                3,
                                [
                                    0,
                                    [
                                        7,
                                        [
                                            1,
                                            9
                                        ]
                                    ]
                                ]
                            ]
                        ]
                    ]
                ]
            ]
        ],
        "graph_aware_greedy_cost": 449.41838468707454,
        "graph_aware_greedy_solution": [
            6,
            [
                5,
                [
                    8,
                    [
                        4,
                        [
                            2,
                            [
                                3,
                                [
                                    0,
                                    [
                                        7,
                                        [
                                            1,
                                            9
                                        ]
                                    ]
                                ]
                            ]
                        ]
                    ]
                ]
            ]
        ],
        "found_optimal": 0,
        "plans_are_equal": 16
    }
}