{
    "Graph with 9 nodes and 36 edges": {
        "solution": {
            "(0, 4, 2)": 1,
            "(1, 7, 0)": 1,
            "(0, 2, 3)": 1,
            "(0, 8, 4)": 1,
            "(0, 5, 5)": 1,
            "(0, 1, 1)": 1,
            "(3, 6, 7)": 1,
            "(5, 6, 6)": 1
        },
        "join": [
            3,
            [
                6,
                [
                    5,
                    [
                        8,
                        [
                            2,
                            [
                                4,
                                [
                                    0,
                                    [
                                        1,
                                        7
                                    ]
                                ]
                            ]
                        ]
                    ]
                ]
            ]
        ],
        "cost": 14.098603013620593,
        "time": 120.91689968109131,
        "optimal_cost": 9.730452399496324,
        "optimal_solution": [
            3,
            [
                6,
                [
                    5,
                    [
                        8,
                        [
                            7,
                            [
                                1,
                                [
                                    4,
                                    [
                                        2,
                                        0
                                    ]
                                ]
                            ]
                        ]
                    ]
                ]
            ]
        ],
        "found_optimal": false,
        "plans_are_equal": false,
        "greedy_cost": 9.730452399496324,
        "greedy_solution": [
            3,
            [
                6,
                [
                    5,
                    [
                        8,
                        [
                            7,
                            [
                                1,
                                [
                                    4,
                                    [
                                        0,
                                        2
                                    ]
                                ]
                            ]
                        ]
                    ]
                ]
            ]
        ],
        "number_of_nodes": 9,
        "number_of_edges": 36,
        "method": "heuristic_1",
        "graph_type": "clique",
        "estimation_size": 2
    }
}