{
    "Graph with 10 nodes and 45 edges": {
        "solution": {
            "(1, 3, 0)": 1,
            "(1, 2, 1)": 1,
            "(1, 7, 3)": 1,
            "(1, 5, 2)": 1,
            "(0, 4, 5)": 1,
            "(0, 9, 6)": 1,
            "(0, 1, 4)": 1,
            "(0, 6, 7)": 1,
            "(6, 8, 8)": 1
        },
        "join": [
            8,
            [
                6,
                [
                    9,
                    [
                        4,
                        [
                            0,
                            [
                                7,
                                [
                                    5,
                                    [
                                        2,
                                        [
                                            1,
                                            3
                                        ]
                                    ]
                                ]
                            ]
                        ]
                    ]
                ]
            ]
        ],
        "cost": 194.61180238151584,
        "time": 1.35097336769104,
        "optimal_cost": 72.97594306777566,
        "optimal_solution": [
            8,
            [
                2,
                [
                    6,
                    [
                        9,
                        [
                            4,
                            [
                                3,
                                [
                                    0,
                                    [
                                        1,
                                        [
                                            7,
                                            5
                                        ]
                                    ]
                                ]
                            ]
                        ]
                    ]
                ]
            ]
        ],
        "found_optimal": false,
        "plans_are_equal": false,
        "greedy_cost": 194.61180238151584,
        "greedy_solution": [
            8,
            [
                6,
                [
                    9,
                    [
                        4,
                        [
                            0,
                            [
                                7,
                                [
                                    5,
                                    [
                                        2,
                                        [
                                            1,
                                            3
                                        ]
                                    ]
                                ]
                            ]
                        ]
                    ]
                ]
            ]
        ],
        "number_of_nodes": 10,
        "number_of_edges": 45,
        "method": "heuristic_1",
        "graph_type": "clique",
        "estimation_size": 1
    }
}