{
    "Graph with 12 nodes and 66 edges": {
        "solution": {
            "(5, 8, 0)": 1,
            "(0, 5, 2)": 1,
            "(0, 7, 3)": 1,
            "(0, 1, 4)": 1,
            "(0, 3, 5)": 1,
            "(0, 9, 6)": 1,
            "(0, 6, 7)": 1,
            "(0, 4, 8)": 1,
            "(5, 10, 1)": 1,
            "(6, 11, 9)": 1,
            "(2, 6, 10)": 1
        },
        "join": [
            2,
            [
                11,
                [
                    4,
                    [
                        6,
                        [
                            9,
                            [
                                3,
                                [
                                    1,
                                    [
                                        7,
                                        [
                                            0,
                                            [
                                                10,
                                                [
                                                    5,
                                                    8
                                                ]
                                            ]
                                        ]
                                    ]
                                ]
                            ]
                        ]
                    ]
                ]
            ]
        ],
        "cost": 7.38600651656834,
        "time": 124.35712957382202,
        "optimal_cost": 7.360990794356143,
        "optimal_solution": [
            11,
            [
                6,
                [
                    4,
                    [
                        9,
                        [
                            3,
                            [
                                7,
                                [
                                    2,
                                    [
                                        1,
                                        [
                                            0,
                                            [
                                                10,
                                                [
                                                    8,
                                                    5
                                                ]
                                            ]
                                        ]
                                    ]
                                ]
                            ]
                        ]
                    ]
                ]
            ]
        ],
        "found_optimal": false,
        "plans_are_equal": false,
        "greedy_cost": 7.360990794356143,
        "greedy_solution": [
            11,
            [
                6,
                [
                    4,
                    [
                        9,
                        [
                            3,
                            [
                                7,
                                [
                                    2,
                                    [
                                        1,
                                        [
                                            0,
                                            [
                                                10,
                                                [
                                                    5,
                                                    8
                                                ]
                                            ]
                                        ]
                                    ]
                                ]
                            ]
                        ]
                    ]
                ]
            ]
        ],
        "number_of_nodes": 12,
        "number_of_edges": 66,
        "method": "heuristic_1",
        "graph_type": "clique",
        "estimation_size": 2
    }
}