{
    "Graph with 14 nodes and 91 edges": {
        "solution": {
            "(0, 11, 0)": 1,
            "(0, 5, 2)": 1,
            "(0, 13, 3)": 1,
            "(0, 4, 1)": 1,
            "(0, 8, 5)": 1,
            "(0, 12, 4)": 1,
            "(0, 9, 6)": 1,
            "(0, 2, 7)": 1,
            "(0, 6, 9)": 1,
            "(0, 1, 8)": 1,
            "(0, 7, 10)": 1,
            "(0, 10, 11)": 1,
            "(3, 13, 12)": 1
        },
        "join": [
            3,
            [
                10,
                [
                    7,
                    [
                        6,
                        [
                            1,
                            [
                                2,
                                [
                                    9,
                                    [
                                        8,
                                        [
                                            12,
                                            [
                                                13,
                                                [
                                                    5,
                                                    [
                                                        4,
                                                        [
                                                            0,
                                                            11
                                                        ]
                                                    ]
                                                ]
                                            ]
                                        ]
                                    ]
                                ]
                            ]
                        ]
                    ]
                ]
            ]
        ],
        "cost": 11.67448936787237,
        "time": 121.30396366119385,
        "optimal_cost": null,
        "optimal_solution": null,
        "found_optimal": null,
        "plans_are_equal": false,
        "greedy_cost": 11.67448936787237,
        "greedy_solution": [
            3,
            [
                10,
                [
                    7,
                    [
                        6,
                        [
                            1,
                            [
                                2,
                                [
                                    9,
                                    [
                                        8,
                                        [
                                            12,
                                            [
                                                13,
                                                [
                                                    5,
                                                    [
                                                        4,
                                                        [
                                                            0,
                                                            11
                                                        ]
                                                    ]
                                                ]
                                            ]
                                        ]
                                    ]
                                ]
                            ]
                        ]
                    ]
                ]
            ]
        ],
        "number_of_nodes": 14,
        "number_of_edges": 91,
        "method": "heuristic_1",
        "graph_type": "clique",
        "estimation_size": 1
    }
}