{
    "Graph with 8 nodes and 28 edges": {
        "solution": [
            {
                "(0, 1, 1)": 1,
                "(0, 2, 5)": 1,
                "(0, 3, 2)": 1,
                "(0, 4, 0)": 1,
                "(0, 5, 6)": 1,
                "(0, 6, 3)": 1,
                "(0, 7, 4)": 1
            }
        ],
        "join": [
            5,
            [
                2,
                [
                    7,
                    [
                        6,
                        [
                            3,
                            [
                                1,
                                [
                                    0,
                                    4
                                ]
                            ]
                        ]
                    ]
                ]
            ]
        ],
        "cost": 984.1967585567703,
        "time": 0.44431161880493164,
        "estimation_size": 20,
        "optimal_cost": 713.5300268249503,
        "optimal_solution": [
            5,
            [
                2,
                [
                    7,
                    [
                        6,
                        [
                            3,
                            [
                                1,
                                [
                                    4,
                                    0
                                ]
                            ]
                        ]
                    ]
                ]
            ]
        ],
        "graph_aware_dynamic_programming_cost": 713.5300268249503,
        "graph_aware_dynamic_programming_solution": [
            5,
            [
                2,
                [
                    7,
                    [
                        6,
                        [
                            3,
                            [
                                1,
                                [
                                    4,
                                    0
                                ]
                            ]
                        ]
                    ]
                ]
            ]
        ],
        "greedy_cost": 984.1967585567703,
        "greedy_solution": [
            5,
            [
                2,
                [
                    7,
                    [
                        6,
                        [
                            3,
                            [
                                1,
                                [
                                    0,
                                    4
                                ]
                            ]
                        ]
                    ]
                ]
            ]
        ],
        "graph_aware_greedy_cost": 984.1967585567703,
        "graph_aware_greedy_solution": [
            5,
            [
                2,
                [
                    7,
                    [
                        6,
                        [
                            3,
                            [
                                1,
                                [
                                    0,
                                    4
                                ]
                            ]
                        ]
                    ]
                ]
            ]
        ],
        "found_optimal": 0,
        "plans_are_equal": 11
    }
}