{
    "Graph with 13 nodes and 78 edges": {
        "solution": {
            "(0, 2, 2)": 1,
            "(0, 9, 1)": 1,
            "(0, 1, 3)": 1,
            "(0, 12, 0)": 1,
            "(0, 6, 4)": 1,
            "(0, 4, 5)": 1,
            "(0, 11, 6)": 1,
            "(0, 10, 7)": 1,
            "(0, 7, 9)": 1,
            "(0, 3, 8)": 1,
            "(1, 8, 10)": 1,
            "(5, 12, 11)": 1
        },
        "join": [
            5,
            [
                8,
                [
                    7,
                    [
                        3,
                        [
                            10,
                            [
                                11,
                                [
                                    4,
                                    [
                                        6,
                                        [
                                            1,
                                            [
                                                2,
                                                [
                                                    9,
                                                    [
                                                        0,
                                                        12
                                                    ]
                                                ]
                                            ]
                                        ]
                                    ]
                                ]
                            ]
                        ]
                    ]
                ]
            ]
        ],
        "cost": 8.98777519301384,
        "time": 32.53988242149353,
        "optimal_cost": null,
        "optimal_solution": null,
        "found_optimal": null,
        "plans_are_equal": false,
        "greedy_cost": 8.98777519301384,
        "greedy_solution": [
            5,
            [
                8,
                [
                    7,
                    [
                        3,
                        [
                            10,
                            [
                                11,
                                [
                                    4,
                                    [
                                        6,
                                        [
                                            1,
                                            [
                                                2,
                                                [
                                                    9,
                                                    [
                                                        0,
                                                        12
                                                    ]
                                                ]
                                            ]
                                        ]
                                    ]
                                ]
                            ]
                        ]
                    ]
                ]
            ]
        ],
        "number_of_nodes": 13,
        "number_of_edges": 78,
        "method": "heuristic_1",
        "graph_type": "clique",
        "estimation_size": 1
    }
}