{
    "Graph with 7 nodes and 21 edges": {
        "solution": [
            {
                "(0, 5, 3)": 1,
                "(1, 2, 5)": 1,
                "(2, 3, 1)": 1,
                "(2, 6, 0)": 1,
                "(3, 5, 2)": 1,
                "(4, 6, 4)": 1
            }
        ],
        "join": [
            1,
            [
                4,
                [
                    0,
                    [
                        5,
                        [
                            3,
                            [
                                2,
                                6
                            ]
                        ]
                    ]
                ]
            ]
        ],
        "cost": 1571991.7748328235,
        "time": 4608.671057224274,
        "estimation_size": 19,
        "optimal_cost": 1516709.9768371435,
        "optimal_solution": [
            1,
            [
                4,
                [
                    0,
                    [
                        5,
                        [
                            3,
                            [
                                2,
                                6
                            ]
                        ]
                    ]
                ]
            ]
        ],
        "graph_aware_dynamic_programming_cost": 1516709.9768371435,
        "graph_aware_dynamic_programming_solution": [
            1,
            [
                4,
                [
                    0,
                    [
                        5,
                        [
                            3,
                            [
                                2,
                                6
                            ]
                        ]
                    ]
                ]
            ]
        ],
        "greedy_cost": 1571991.7748328235,
        "greedy_solution": [
            1,
            [
                4,
                [
                    0,
                    [
                        5,
                        [
                            3,
                            [
                                2,
                                6
                            ]
                        ]
                    ]
                ]
            ]
        ],
        "graph_aware_greedy_cost": 1571991.7748328235,
        "graph_aware_greedy_solution": [
            1,
            [
                4,
                [
                    0,
                    [
                        5,
                        [
                            3,
                            [
                                2,
                                6
                            ]
                        ]
                    ]
                ]
            ]
        ],
        "found_optimal": 13,
        "plans_are_equal": 13
    }
}