{
    "Graph with 11 nodes and 55 edges": {
        "solution": {
            "(0, 2, 3)": 1,
            "(0, 3, 2)": 1,
            "(0, 5, 4)": 1,
            "(0, 10, 5)": 1,
            "(0, 7, 6)": 1,
            "(0, 6, 7)": 1,
            "(0, 1, 0)": 1,
            "(0, 4, 1)": 1,
            "(6, 9, 8)": 1,
            "(1, 8, 9)": 1
        },
        "join": [
            8,
            [
                9,
                [
                    6,
                    [
                        7,
                        [
                            10,
                            [
                                5,
                                [
                                    2,
                                    [
                                        3,
                                        [
                                            4,
                                            [
                                                0,
                                                1
                                            ]
                                        ]
                                    ]
                                ]
                            ]
                        ]
                    ]
                ]
            ]
        ],
        "cost": 6.111913880711025,
        "time": 122.12362122535706,
        "optimal_cost": 6.10903629811215,
        "optimal_solution": [
            8,
            [
                9,
                [
                    6,
                    [
                        10,
                        [
                            5,
                            [
                                7,
                                [
                                    2,
                                    [
                                        3,
                                        [
                                            4,
                                            [
                                                1,
                                                0
                                            ]
                                        ]
                                    ]
                                ]
                            ]
                        ]
                    ]
                ]
            ]
        ],
        "found_optimal": false,
        "plans_are_equal": false,
        "greedy_cost": 6.10903629811215,
        "greedy_solution": [
            8,
            [
                9,
                [
                    6,
                    [
                        10,
                        [
                            5,
                            [
                                7,
                                [
                                    2,
                                    [
                                        3,
                                        [
                                            4,
                                            [
                                                0,
                                                1
                                            ]
                                        ]
                                    ]
                                ]
                            ]
                        ]
                    ]
                ]
            ]
        ],
        "number_of_nodes": 11,
        "number_of_edges": 55,
        "method": "heuristic_1",
        "graph_type": "clique",
        "estimation_size": 2
    }
}