{
    "Graph with 9 nodes and 36 edges": {
        "solution": {
            "(0, 1, 2)": 1,
            "(0, 4, 1)": 1,
            "(0, 7, 3)": 1,
            "(0, 2, 0)": 1,
            "(0, 8, 4)": 1,
            "(0, 5, 5)": 1,
            "(0, 6, 6)": 1,
            "(3, 7, 7)": 1
        },
        "join": [
            3,
            [
                6,
                [
                    5,
                    [
                        8,
                        [
                            7,
                            [
                                1,
                                [
                                    4,
                                    [
                                        0,
                                        2
                                    ]
                                ]
                            ]
                        ]
                    ]
                ]
            ]
        ],
        "cost": 9.730452399496324,
        "time": 0.5167660713195801,
        "optimal_cost": 9.730452399496324,
        "optimal_solution": [
            3,
            [
                6,
                [
                    5,
                    [
                        8,
                        [
                            7,
                            [
                                1,
                                [
                                    4,
                                    [
                                        2,
                                        0
                                    ]
                                ]
                            ]
                        ]
                    ]
                ]
            ]
        ],
        "found_optimal": true,
        "plans_are_equal": true,
        "greedy_cost": 9.730452399496324,
        "greedy_solution": [
            3,
            [
                6,
                [
                    5,
                    [
                        8,
                        [
                            7,
                            [
                                1,
                                [
                                    4,
                                    [
                                        0,
                                        2
                                    ]
                                ]
                            ]
                        ]
                    ]
                ]
            ]
        ],
        "number_of_nodes": 9,
        "number_of_edges": 36,
        "method": "heuristic_1",
        "graph_type": "clique",
        "estimation_size": 1
    }
}