{
    "Graph with 4 nodes and 6 edges": {
        "solution": [
            {
                "(0, 2, 1)": 1,
                "(1, 3, 2)": 1,
                "(2, 3, 0)": 1
            }
        ],
        "join": [
            1,
            [
                0,
                [
                    2,
                    3
                ]
            ]
        ],
        "cost": 75912.19885765767,
        "time": 0.5165359973907471,
        "estimation_size": 18,
        "optimal_cost": 75231.63116237448,
        "optimal_solution": [
            1,
            [
                0,
                [
                    2,
                    3
                ]
            ]
        ],
        "graph_aware_dynamic_programming_cost": 75231.63116237448,
        "graph_aware_dynamic_programming_solution": [
            1,
            [
                0,
                [
                    2,
                    3
                ]
            ]
        ],
        "greedy_cost": 75912.19885765767,
        "greedy_solution": [
            1,
            [
                0,
                [
                    2,
                    3
                ]
            ]
        ],
        "graph_aware_greedy_cost": 75912.19885765767,
        "graph_aware_greedy_solution": [
            1,
            [
                0,
                [
                    2,
                    3
                ]
            ]
        ],
        "found_optimal": 17,
        "plans_are_equal": 17
    }
}