{
    "Graph with 8 nodes and 28 edges": {
        "solution": {
            "(1, 5, 2)": 1,
            "(1, 6, 0)": 1,
            "(1, 4, 4)": 1,
            "(0, 1, 3)": 1,
            "(0, 1, 4)": 1,
            "(2, 6, 1)": 1,
            "(0, 4, 6)": 1,
            "(6, 7, 5)": 1,
            "(0, 6, 6)": 1,
            "(0, 2, 5)": 1
        },
        "join": [
            7,
            [
                4,
                [
                    0,
                    [
                        5,
                        [
                            2,
                            [
                                1,
                                6
                            ]
                        ]
                    ]
                ]
            ]
        ],
        "cost": 112.5718940358649,
        "optimal_cost": 72.48298984564029,
        "optimal_solution": [
            7,
            [
                4,
                [
                    3,
                    [
                        0,
                        [
                            5,
                            [
                                2,
                                [
                                    6,
                                    1
                                ]
                            ]
                        ]
                    ]
                ]
            ]
        ],
        "found_optimal": false,
        "plans_are_equal": false
    }
}