{
    "Graph with 9 nodes and 36 edges": {
        "solution": {
            "(0, 2, 2)": 1,
            "(0, 8, 3)": 1,
            "(0, 5, 4)": 1,
            "(0, 7, 1)": 1,
            "(0, 4, 5)": 1,
            "(0, 4, 4)": 1,
            "(0, 1, 0)": 1,
            "(3, 5, 7)": 1,
            "(3, 4, 6)": 1,
            "(2, 3, 6)": 1,
            "(0, 5, 7)": 1,
            "(2, 5, 7)": 1
        },
        "join": [
            3,
            [
                4,
                [
                    5,
                    [
                        8,
                        [
                            2,
                            [
                                7,
                                [
                                    0,
                                    1
                                ]
                            ]
                        ]
                    ]
                ]
            ]
        ],
        "cost": 15.52053908234307,
        "optimal_cost": 9.730452399496324,
        "optimal_solution": [
            3,
            [
                6,
                [
                    5,
                    [
                        8,
                        [
                            7,
                            [
                                1,
                                [
                                    4,
                                    [
                                        2,
                                        0
                                    ]
                                ]
                            ]
                        ]
                    ]
                ]
            ]
        ],
        "found_optimal": false,
        "plans_are_equal": false
    }
}