{
    "Graph with 5 nodes and 10 edges": {
        "solution": [
            {
                "(1, 4, 0)": 1,
                "(1, 4, 1)": 1,
                "(1, 3, 2)": 1,
                "(0, 3, 3)": 1,
                "(2, 3, 2)": 1,
                "(1, 3, 1)": 1,
                "(1, 3, 3)": 1,
                "(3, 4, 2)": 1,
                "(0, 1, 2)": 1
            }
        ],
        "join": [
            0,
            [
                2,
                [
                    3,
                    [
                        1,
                        4
                    ]
                ]
            ]
        ],
        "cost": 16747.426188757032,
        "energy": 264.45198412852477,
        "estimation_size": 40,
        "dynamic_programming_cost": 15373.51437037083,
        "dynamic_programming_solution": [
            2,
            [
                3,
                [
                    0,
                    [
                        4,
                        1
                    ]
                ]
            ]
        ],
        "graph_aware_dynamic_programming_cost": 15373.51437037083,
        "graph_aware_dynamic_programming_solution": [
            2,
            [
                3,
                [
                    0,
                    [
                        4,
                        1
                    ]
                ]
            ]
        ],
        "greedy_cost": 15663.277935594262,
        "greedy_solution": [
            2,
            [
                3,
                [
                    0,
                    [
                        1,
                        4
                    ]
                ]
            ]
        ],
        "graph_aware_greedy_cost": 15663.277935594262,
        "graph_aware_greedy_solution": [
            2,
            [
                3,
                [
                    0,
                    [
                        1,
                        4
                    ]
                ]
            ]
        ],
        "found_optimal": 0,
        "plans_are_equal": 0
    }
}