{
    "Graph with 3 nodes and 2 edges": {
        "solution": {
            "(0, 1, 0)": 1,
            "(1, 2, 1)": 1
        },
        "join": [
            2,
            [
                0,
                1
            ]
        ],
        "cost": 117.03225836692556,
        "energy": -298.7956544672596,
        "time": 0.0,
        "optimal_cost": 117.03225836692556,
        "optimal_solution": [
            2,
            [
                1,
                0
            ]
        ],
        "found_optimal": true,
        "plans_are_equal": true
    },
    "Graph with 4 nodes and 3 edges": {
        "solution": {
            "(0, 3, 1)": 1,
            "(1, 3, 0)": 1,
            "(2, 3, 2)": 1
        },
        "join": [
            2,
            [
                0,
                [
                    1,
                    3
                ]
            ]
        ],
        "cost": 11030.637840692389,
        "energy": -398.8394955078948,
        "time": 0.0009629726409912109,
        "optimal_cost": 10935.07239071585,
        "optimal_solution": [
            2,
            [
                3,
                [
                    1,
                    0
                ]
            ]
        ],
        "found_optimal": false,
        "plans_are_equal": false
    },
    "Graph with 5 nodes and 4 edges": {
        "solution": {
            "(0, 3, 0)": 1,
            "(0, 4, 2)": 1,
            "(1, 3, 1)": 1,
            "(2, 3, 3)": 1
        },
        "join": [
            2,
            [
                4,
                [
                    1,
                    [
                        0,
                        3
                    ]
                ]
            ]
        ],
        "cost": 263177.6458959237,
        "energy": -498.91071680678004,
        "time": 0.06409215927124023,
        "optimal_cost": 262946.2955247973,
        "optimal_solution": [
            2,
            [
                [
                    1,
                    [
                        0,
                        4
                    ]
                ],
                3
            ]
        ],
        "found_optimal": false,
        "plans_are_equal": false
    },
    "Graph with 6 nodes and 5 edges": {
        "solution": {
            "(0, 2, 1)": 1,
            "(0, 3, 2)": 1,
            "(1, 3, 3)": 1,
            "(2, 5, 0)": 1,
            "(3, 4, 4)": 1
        },
        "join": [
            4,
            [
                1,
                [
                    3,
                    [
                        0,
                        [
                            2,
                            5
                        ]
                    ]
                ]
            ]
        ],
        "cost": 25341.993753172803,
        "energy": -598.8498453566898,
        "time": 41.77901268005371,
        "optimal_cost": 25006.753343204575,
        "optimal_solution": [
            [
                3,
                [
                    1,
                    [
                        0,
                        [
                            5,
                            2
                        ]
                    ]
                ]
            ],
            4
        ],
        "found_optimal": false,
        "plans_are_equal": false
    }
}