{
    "Graph with 3 nodes and 3 edges": {
        "solution": {
            "(0, 1, 0)": 1,
            "(0, 2, 1)": 1
        },
        "join": [
            2,
            [
                0,
                1
            ]
        ],
        "cost": 79.67997195370575,
        "energy": -299.23413724125544,
        "time": 0.0009996891021728516,
        "optimal_cost": 79.67997195370575,
        "optimal_solution": [
            2,
            [
                1,
                0
            ]
        ],
        "found_optimal": true,
        "plans_are_equal": true
    },
    "Graph with 4 nodes and 4 edges": {
        "solution": {
            "(0, 1, 2)": 1,
            "(0, 3, 1)": 1,
            "(2, 3, 0)": 1
        },
        "join": [
            1,
            [
                0,
                [
                    2,
                    3
                ]
            ]
        ],
        "cost": 1341.7649206973952,
        "energy": -398.9679014375035,
        "time": 0.009000062942504883,
        "optimal_cost": 1341.7649206973952,
        "optimal_solution": [
            1,
            [
                0,
                [
                    2,
                    3
                ]
            ]
        ],
        "found_optimal": true,
        "plans_are_equal": true
    },
    "Graph with 5 nodes and 5 edges": {
        "solution": {
            "(0, 1, 0)": 1,
            "(0, 4, 2)": 1,
            "(1, 2, 1)": 1,
            "(3, 4, 3)": 1
        },
        "join": [
            3,
            [
                4,
                [
                    2,
                    [
                        0,
                        1
                    ]
                ]
            ]
        ],
        "cost": 181453.81633069276,
        "energy": -498.96743303390605,
        "time": 13.917039632797241,
        "optimal_cost": 181453.81633069276,
        "optimal_solution": [
            3,
            [
                4,
                [
                    2,
                    [
                        1,
                        0
                    ]
                ]
            ]
        ],
        "found_optimal": true,
        "plans_are_equal": true
    }
}