{
    "Graph with 3 nodes and 3 edges": {
        "solution": {
            "(0, 1, 0)": 1,
            "(0, 2, 1)": 1
        },
        "join": [
            2,
            [
                0,
                1
            ]
        ],
        "cost": 79.67997195370575,
        "energy": -299.23413724125544,
        "time": 0.0,
        "optimal_cost": 79.67997195370575,
        "optimal_solution": [
            2,
            [
                1,
                0
            ]
        ],
        "found_optimal": true,
        "plans_are_equal": true
    },
    "Graph with 4 nodes and 6 edges": {
        "solution": {
            "(0, 2, 2)": 1,
            "(1, 2, 0)": 1,
            "(2, 3, 1)": 1
        },
        "join": [
            0,
            [
                3,
                [
                    1,
                    2
                ]
            ]
        ],
        "cost": 61.41654470704924,
        "energy": -399.921479449365,
        "time": 6.236185550689697,
        "optimal_cost": 61.41654470704924,
        "optimal_solution": [
            0,
            [
                3,
                [
                    2,
                    1
                ]
            ]
        ],
        "found_optimal": true,
        "plans_are_equal": true
    }
}