{
    "Graph with 3 nodes and 3 edges": {
        "solution": {
            "(0, 1, 0)": 1,
            "(1, 2, 1)": 1
        },
        "join": [
            2,
            [
                0,
                1
            ]
        ],
        "cost": 79.67997195370575,
        "time": 0.03399968147277832,
        "optimal_cost": 79.67997195370575,
        "optimal_solution": [
            2,
            [
                1,
                0
            ]
        ],
        "found_optimal": true,
        "plans_are_equal": true
    },
    "Graph with 4 nodes and 6 edges": {
        "solution": {
            "(1, 3, 1)": 1,
            "(0, 1, 2)": 1,
            "(1, 2, 0)": 1
        },
        "join": [
            0,
            [
                3,
                [
                    1,
                    2
                ]
            ]
        ],
        "cost": 61.41654470704924,
        "time": 60.12886142730713,
        "optimal_cost": 61.41654470704924,
        "optimal_solution": [
            0,
            [
                3,
                [
                    2,
                    1
                ]
            ]
        ],
        "found_optimal": true,
        "plans_are_equal": true
    },
    "Graph with 5 nodes and 10 edges": {
        "solution": {
            "(1, 2, 1)": 1,
            "(2, 4, 2)": 1
        },
        "join": [
            4,
            [
                1,
                2
            ]
        ],
        "cost": 389.29428453097995,
        "time": 407.2187032699585,
        "optimal_cost": 1589.0642442965946,
        "optimal_solution": [
            2,
            [
                3,
                [
                    0,
                    [
                        4,
                        1
                    ]
                ]
            ]
        ],
        "found_optimal": false,
        "plans_are_equal": false
    }
}