{
    "Graph with 5 nodes and 4 edges": {
        "solution": [
            {
                "(1, 2, 1)": 1,
                "(2, 3, 1)": 1,
                "(2, 3, 2)": 1,
                "(0, 1, 0)": 1,
                "(0, 1, 3)": 1,
                "(3, 4, 2)": 1,
                "(0, 1, 2)": 1,
                "(3, 4, 3)": 1,
                "(1, 2, 3)": 1,
                "(2, 3, 3)": 1
            }
        ],
        "join": [
            4,
            [
                3,
                [
                    2,
                    [
                        0,
                        1
                    ]
                ]
            ]
        ],
        "cost": 12597051.208612198,
        "energy": -21683.52462746704,
        "estimation_size": 13,
        "dynamic_programming_cost": 11501210.25843793,
        "dynamic_programming_solution": [
            2,
            [
                1,
                [
                    0,
                    [
                        4,
                        3
                    ]
                ]
            ]
        ],
        "graph_aware_dynamic_programming_cost": 11568469.23746022,
        "graph_aware_dynamic_programming_solution": [
            0,
            [
                1,
                [
                    2,
                    [
                        4,
                        3
                    ]
                ]
            ]
        ],
        "greedy_cost": 11523269.30289369,
        "greedy_solution": [
            2,
            [
                1,
                [
                    0,
                    [
                        3,
                        4
                    ]
                ]
            ]
        ],
        "graph_aware_greedy_cost": 11587985.291090503,
        "graph_aware_greedy_solution": [
            0,
            [
                1,
                [
                    2,
                    [
                        3,
                        4
                    ]
                ]
            ]
        ],
        "found_optimal": 0,
        "plans_are_equal": 1
    }
}