{
    "Graph with 6 nodes and 5 edges": {
        "solution": [
            {
                "(2, 3, 1)": 1,
                "(1, 2, 0)": 1,
                "(3, 4, 1)": 1,
                "(2, 3, 2)": 1,
                "(1, 2, 3)": 1,
                "(3, 4, 2)": 1,
                "(3, 4, 3)": 1,
                "(4, 5, 4)": 1,
                "(1, 2, 2)": 1,
                "(4, 5, 3)": 1,
                "(0, 1, 3)": 1,
                "(0, 1, 4)": 1,
                "(1, 2, 4)": 1,
                "(2, 3, 3)": 1,
                "(2, 3, 4)": 1,
                "(3, 4, 4)": 1
            }
        ],
        "join": [
            0,
            [
                5,
                [
                    4,
                    [
                        3,
                        [
                            1,
                            2
                        ]
                    ]
                ]
            ]
        ],
        "cost": 916501944.0865086,
        "energy": -164574.1596694593,
        "estimation_size": 25,
        "dynamic_programming_cost": 882460862.1474293,
        "dynamic_programming_solution": [
            5,
            [
                0,
                [
                    1,
                    [
                        2,
                        [
                            4,
                            3
                        ]
                    ]
                ]
            ]
        ],
        "graph_aware_dynamic_programming_cost": 886826249.1369288,
        "graph_aware_dynamic_programming_solution": [
            5,
            [
                0,
                [
                    1,
                    [
                        2,
                        [
                            4,
                            3
                        ]
                    ]
                ]
            ]
        ],
        "greedy_cost": 885345290.7871985,
        "greedy_solution": [
            5,
            [
                0,
                [
                    1,
                    [
                        2,
                        [
                            3,
                            4
                        ]
                    ]
                ]
            ]
        ],
        "graph_aware_greedy_cost": 888638445.0049002,
        "graph_aware_greedy_solution": [
            5,
            [
                0,
                [
                    1,
                    [
                        2,
                        [
                            3,
                            4
                        ]
                    ]
                ]
            ]
        ],
        "found_optimal": 0,
        "plans_are_equal": 0
    }
}