{
    "Graph with 7 nodes and 7 edges": {
        "solution": [
            {
                "(5, 6, 3)": 1,
                "(3, 4, 0)": 1,
                "(2, 3, 2)": 1,
                "(4, 5, 0)": 1,
                "(3, 4, 1)": 1,
                "(5, 6, 4)": 1,
                "(0, 1, 5)": 1,
                "(1, 2, 2)": 1,
                "(4, 5, 3)": 1,
                "(1, 2, 4)": 1,
                "(1, 2, 5)": 1
            }
        ],
        "join": [
            0,
            [
                6,
                [
                    1,
                    [
                        2,
                        [
                            5,
                            [
                                3,
                                4
                            ]
                        ]
                    ]
                ]
            ]
        ],
        "cost": 1303951020.6275735,
        "energy": -4.349108386175018,
        "estimation_size": 28,
        "dynamic_programming_cost": 1294367331.4383383,
        "dynamic_programming_solution": [
            1,
            [
                0,
                [
                    [
                        2,
                        [
                            5,
                            [
                                4,
                                3
                            ]
                        ]
                    ],
                    6
                ]
            ]
        ],
        "graph_aware_dynamic_programming_cost": 1294617103.6909115,
        "graph_aware_dynamic_programming_solution": [
            1,
            [
                0,
                [
                    [
                        2,
                        [
                            5,
                            [
                                4,
                                3
                            ]
                        ]
                    ],
                    6
                ]
            ]
        ],
        "greedy_cost": 1294942312.2670228,
        "greedy_solution": [
            0,
            [
                6,
                [
                    1,
                    [
                        2,
                        [
                            5,
                            [
                                3,
                                4
                            ]
                        ]
                    ]
                ]
            ]
        ],
        "graph_aware_greedy_cost": 1294906455.2634127,
        "graph_aware_greedy_solution": [
            0,
            [
                6,
                [
                    1,
                    [
                        2,
                        [
                            5,
                            [
                                3,
                                4
                            ]
                        ]
                    ]
                ]
            ]
        ],
        "found_optimal": 0,
        "plans_are_equal": 0
    }
}