{
    "Graph with 3 nodes and 2 edges": {
        "solution": {
            "(0, 1, 0)": 1,
            "(1, 2, 1)": 1
        },
        "join": [
            2,
            [
                0,
                1
            ]
        ],
        "cost": 117.03225836692556,
        "energy": -298.7956544672596,
        "time": 0.0,
        "optimal_cost": 117.03225836692556,
        "optimal_solution": [
            2,
            [
                1,
                0
            ]
        ],
        "found_optimal": true,
        "plans_are_equal": true
    },
    "Graph with 4 nodes and 3 edges": {
        "solution": {
            "(0, 1, 1)": 1,
            "(1, 2, 0)": 1,
            "(2, 3, 2)": 1
        },
        "join": [
            3,
            [
                0,
                [
                    1,
                    2
                ]
            ]
        ],
        "cost": 9909.788056415378,
        "energy": -398.95741717556393,
        "time": 0.0010008811950683594,
        "optimal_cost": 9909.788056415377,
        "optimal_solution": [
            [
                [
                    2,
                    1
                ],
                0
            ],
            3
        ],
        "found_optimal": true,
        "plans_are_equal": true
    },
    "Graph with 5 nodes and 4 edges": {
        "solution": {
            "(0, 1, 0)": 1,
            "(1, 2, 1)": 1,
            "(2, 3, 2)": 1,
            "(3, 4, 3)": 1
        },
        "join": [
            4,
            [
                3,
                [
                    2,
                    [
                        0,
                        1
                    ]
                ]
            ]
        ],
        "cost": 255527.4929549107,
        "energy": -498.94238052577043,
        "time": 0.023000001907348633,
        "optimal_cost": 249488.05191703237,
        "optimal_solution": [
            [
                4,
                [
                    2,
                    [
                        1,
                        0
                    ]
                ]
            ],
            3
        ],
        "found_optimal": false,
        "plans_are_equal": false
    },
    "Graph with 6 nodes and 5 edges": {
        "solution": {
            "(0, 1, 3)": 1,
            "(1, 2, 2)": 1,
            "(2, 3, 1)": 1,
            "(3, 4, 0)": 1,
            "(4, 5, 4)": 1
        },
        "join": [
            5,
            [
                0,
                [
                    1,
                    [
                        2,
                        [
                            3,
                            4
                        ]
                    ]
                ]
            ]
        ],
        "cost": 23695.26852220912,
        "energy": -598.9245825178263,
        "time": 8.10263991355896,
        "optimal_cost": 23695.26852220912,
        "optimal_solution": [
            5,
            [
                0,
                [
                    1,
                    [
                        2,
                        [
                            4,
                            3
                        ]
                    ]
                ]
            ]
        ],
        "found_optimal": true,
        "plans_are_equal": true
    }
}