{
    "Graph with 3 nodes and 2 edges": {
        "solution": {
            "(0, 1, 0)": 1,
            "(0, 2, 1)": 1
        },
        "join": [
            2,
            [
                0,
                1
            ]
        ],
        "cost": 117.03225836692556,
        "energy": -298.7956544672596,
        "time": 0.0,
        "optimal_cost": 117.03225836692556,
        "optimal_solution": [
            2,
            [
                1,
                0
            ]
        ],
        "found_optimal": true,
        "plans_are_equal": true
    },
    "Graph with 4 nodes and 3 edges": {
        "solution": {
            "(0, 1, 1)": 1,
            "(0, 2, 0)": 1,
            "(0, 3, 2)": 1
        },
        "join": [
            3,
            [
                1,
                [
                    0,
                    2
                ]
            ]
        ],
        "cost": 9895.977926824979,
        "energy": -398.958870103097,
        "time": 0.0010008811950683594,
        "optimal_cost": 9895.977926824979,
        "optimal_solution": [
            3,
            [
                1,
                [
                    2,
                    0
                ]
            ]
        ],
        "found_optimal": true,
        "plans_are_equal": true
    },
    "Graph with 5 nodes and 4 edges": {
        "solution": {
            "(0, 1, 0)": 1,
            "(0, 2, 1)": 1,
            "(0, 3, 3)": 1,
            "(0, 4, 2)": 1
        },
        "join": [
            3,
            [
                4,
                [
                    2,
                    [
                        0,
                        1
                    ]
                ]
            ]
        ],
        "cost": 249066.0389758552,
        "energy": -498.9691242607833,
        "time": 0.23508572578430176,
        "optimal_cost": 249066.03897585516,
        "optimal_solution": [
            3,
            [
                [
                    2,
                    [
                        1,
                        0
                    ]
                ],
                4
            ]
        ],
        "found_optimal": true,
        "plans_are_equal": true
    }
}