{
    "Graph with 8 nodes and 7 edges": {
        "solution": {
            "(0, 1, 6)": 1,
            "(5, 6, 5)": 1,
            "(2, 3, 1)": 1,
            "(2, 3, 4)": 1,
            "(2, 3, 3)": 1,
            "(5, 6, 2)": 1,
            "(0, 1, 0)": 1
        },
        "join": [
            [
                5,
                6
            ],
            [
                [
                    2,
                    3
                ],
                [
                    0,
                    1
                ]
            ]
        ],
        "cost": 18699288.49497642,
        "time": 60.088274240493774,
        "optimal_cost": 1008279467.3943241,
        "optimal_solution": [
            7,
            [
                3,
                [
                    6,
                    [
                        [
                            1,
                            [
                                0,
                                [
                                    5,
                                    4
                                ]
                            ]
                        ],
                        2
                    ]
                ]
            ]
        ],
        "found_optimal": false,
        "plans_are_equal": false
    },
    "Graph with 9 nodes and 8 edges": {
        "solution": {
            "(7, 8, 7)": 1,
            "(4, 5, 1)": 1,
            "(6, 7, 6)": 1,
            "(2, 3, 4)": 1,
            "(6, 7, 5)": 1,
            "(3, 4, 2)": 1,
            "(1, 2, 3)": 1,
            "(0, 1, 0)": 1
        },
        "join": [
            8,
            [
                [
                    6,
                    7
                ],
                [
                    2,
                    [
                        3,
                        [
                            [
                                4,
                                5
                            ],
                            [
                                0,
                                1
                            ]
                        ]
                    ]
                ]
            ]
        ],
        "cost": 15801251.382739753,
        "time": 240.42512726783752,
        "optimal_cost": 15837916.235565122,
        "optimal_solution": [
            [
                3,
                [
                    [
                        5,
                        [
                            7,
                            [
                                6,
                                [
                                    0,
                                    [
                                        2,
                                        1
                                    ]
                                ]
                            ]
                        ]
                    ],
                    4
                ]
            ],
            8
        ],
        "found_optimal": false,
        "plans_are_equal": false
    },
    "Graph with 10 nodes and 9 edges": {
        "solution": {
            "(0, 1, 8)": 1,
            "(1, 2, 7)": 1,
            "(6, 7, 5)": 1,
            "(1, 2, 6)": 1,
            "(3, 4, 4)": 1,
            "(8, 9, 3)": 1,
            "(0, 1, 0)": 1,
            "(0, 1, 1)": 1,
            "(0, 1, 2)": 1
        },
        "join": [
            2,
            [
                [
                    6,
                    7
                ],
                [
                    [
                        3,
                        4
                    ],
                    [
                        [
                            8,
                            9
                        ],
                        [
                            0,
                            1
                        ]
                    ]
                ]
            ]
        ],
        "cost": 3668260472.125498,
        "time": 241.6633803844452,
        "optimal_cost": 31214415494.8777,
        "optimal_solution": [
            0,
            [
                1,
                [
                    5,
                    [
                        8,
                        [
                            9,
                            [
                                7,
                                [
                                    6,
                                    [
                                        2,
                                        [
                                            4,
                                            3
                                        ]
                                    ]
                                ]
                            ]
                        ]
                    ]
                ]
            ]
        ],
        "found_optimal": false,
        "plans_are_equal": false
    }
}