{
    "Graph with 8 nodes and 7 edges": {
        "solution": {
            "(6, 7, 6)": 1,
            "(5, 6, 5)": 1,
            "(2, 3, 1)": 1,
            "(4, 5, 4)": 1,
            "(2, 3, 2)": 1,
            "(3, 4, 3)": 1,
            "(1, 2, 0)": 1,
            "(0, 1, 2)": 1
        },
        "join": [
            7,
            [
                6,
                [
                    5,
                    [
                        4,
                        [
                            0,
                            [
                                3,
                                [
                                    1,
                                    2
                                ]
                            ]
                        ]
                    ]
                ]
            ]
        ],
        "cost": 1008884012.7672694,
        "time": 60.099891662597656,
        "optimal_cost": 1008279467.3943241,
        "optimal_solution": [
            7,
            [
                3,
                [
                    6,
                    [
                        [
                            1,
                            [
                                0,
                                [
                                    5,
                                    4
                                ]
                            ]
                        ],
                        2
                    ]
                ]
            ]
        ],
        "found_optimal": false,
        "plans_are_equal": false
    }
}