{
    "Graph with 11 nodes and 10 edges": {
        "solution": {
            "(5, 6, 0)": 1,
            "(3, 4, 1)": 1,
            "(1, 2, 7)": 1,
            "(7, 8, 5)": 1,
            "(4, 5, 2)": 1,
            "(0, 1, 9)": 1,
            "(9, 10, 8)": 1,
            "(8, 9, 4)": 1,
            "(2, 3, 3)": 1,
            "(6, 7, 6)": 1
        },
        "join": [
            0,
            [
                10,
                [
                    1,
                    [
                        7,
                        [
                            [
                                8,
                                9
                            ],
                            [
                                2,
                                [
                                    [
                                        3,
                                        4
                                    ],
                                    [
                                        5,
                                        6
                                    ]
                                ]
                            ]
                        ]
                    ]
                ]
            ]
        ],
        "cost": 49321039423.81291,
        "time": 6.607951402664185,
        "optimal_cost": 11781826707.514254,
        "optimal_solution": [
            7,
            [
                8,
                [
                    10,
                    [
                        9,
                        [
                            3,
                            [
                                4,
                                [
                                    2,
                                    [
                                        6,
                                        [
                                            5,
                                            [
                                                1,
                                                0
                                            ]
                                        ]
                                    ]
                                ]
                            ]
                        ]
                    ]
                ]
            ]
        ],
        "found_optimal": false,
        "plans_are_equal": false
    }
}