{
    "Graph with 4 nodes and 3 edges": {
        "solution": {
            "(2, 3, 2)": 1,
            "(1, 2, 1)": 1,
            "(2, 3, 0)": 1
        },
        "join": [
            1,
            [
                2,
                3
            ]
        ],
        "cost": 2007.4485653588545,
        "time": 0.03231310844421387,
        "optimal_cost": 9909.788056415377,
        "optimal_solution": [
            [
                [
                    2,
                    1
                ],
                0
            ],
            3
        ],
        "found_optimal": false,
        "plans_are_equal": false
    }
}