{
    "Graph with 3 nodes and 2 edges": {
        "solution": {
            "(0, 1, 0)": 1,
            "(1, 2, 1)": 1
        },
        "join": [
            2,
            [
                0,
                1
            ]
        ],
        "cost": 117.03225836692556,
        "time": 0.011002302169799805,
        "optimal_cost": 117.03225836692556,
        "optimal_solution": [
            2,
            [
                1,
                0
            ]
        ],
        "found_optimal": true,
        "plans_are_equal": true
    },
    "Graph with 4 nodes and 3 edges": {
        "solution": {
            "(2, 3, 2)": 1,
            "(1, 2, 0)": 1,
            "(0, 1, 1)": 1
        },
        "join": [
            3,
            [
                0,
                [
                    1,
                    2
                ]
            ]
        ],
        "cost": 9909.788056415378,
        "time": 0.01700115203857422,
        "optimal_cost": 9909.788056415377,
        "optimal_solution": [
            [
                [
                    2,
                    1
                ],
                0
            ],
            3
        ],
        "found_optimal": true,
        "plans_are_equal": true
    },
    "Graph with 5 nodes and 4 edges": {
        "solution": {
            "(1, 2, 1)": 1,
            "(3, 4, 3)": 1,
            "(2, 3, 2)": 1,
            "(0, 1, 0)": 1
        },
        "join": [
            4,
            [
                3,
                [
                    2,
                    [
                        0,
                        1
                    ]
                ]
            ]
        ],
        "cost": 255527.4929549107,
        "time": 0.03600049018859863,
        "optimal_cost": 249488.05191703237,
        "optimal_solution": [
            [
                4,
                [
                    2,
                    [
                        1,
                        0
                    ]
                ]
            ],
            3
        ],
        "found_optimal": false,
        "plans_are_equal": false
    },
    "Graph with 6 nodes and 5 edges": {
        "solution": {
            "(4, 5, 4)": 1,
            "(2, 3, 1)": 1,
            "(3, 4, 0)": 1,
            "(0, 1, 3)": 1,
            "(1, 2, 2)": 1
        },
        "join": [
            5,
            [
                0,
                [
                    1,
                    [
                        2,
                        [
                            3,
                            4
                        ]
                    ]
                ]
            ]
        ],
        "cost": 23695.26852220912,
        "time": 0.09600019454956055,
        "optimal_cost": 23695.26852220912,
        "optimal_solution": [
            5,
            [
                0,
                [
                    1,
                    [
                        2,
                        [
                            4,
                            3
                        ]
                    ]
                ]
            ]
        ],
        "found_optimal": true,
        "plans_are_equal": true
    },
    "Graph with 7 nodes and 6 edges": {
        "solution": {
            "(0, 1, 5)": 1,
            "(3, 4, 1)": 1,
            "(2, 3, 0)": 1,
            "(5, 6, 4)": 1,
            "(1, 2, 3)": 1,
            "(4, 5, 2)": 1
        },
        "join": [
            0,
            [
                6,
                [
                    1,
                    [
                        5,
                        [
                            4,
                            [
                                2,
                                3
                            ]
                        ]
                    ]
                ]
            ]
        ],
        "cost": 49146679.87780806,
        "time": 60.03801369667053,
        "optimal_cost": 42538490.558624335,
        "optimal_solution": [
            3,
            [
                4,
                [
                    [
                        1,
                        [
                            0,
                            [
                                6,
                                5
                            ]
                        ]
                    ],
                    2
                ]
            ]
        ],
        "found_optimal": false,
        "plans_are_equal": false
    },
    "Graph with 8 nodes and 7 edges": {
        "solution": {
            "(0, 1, 6)": 1,
            "(5, 6, 5)": 1,
            "(2, 3, 1)": 1,
            "(2, 3, 4)": 1,
            "(2, 3, 3)": 1,
            "(4, 5, 2)": 1,
            "(0, 1, 0)": 1
        },
        "join": [
            6,
            [
                [
                    4,
                    5
                ],
                [
                    [
                        2,
                        3
                    ],
                    [
                        0,
                        1
                    ]
                ]
            ]
        ],
        "cost": 36979259.98887471,
        "time": 60.1042115688324,
        "optimal_cost": 1008279467.3943241,
        "optimal_solution": [
            7,
            [
                3,
                [
                    6,
                    [
                        [
                            1,
                            [
                                0,
                                [
                                    5,
                                    4
                                ]
                            ]
                        ],
                        2
                    ]
                ]
            ]
        ],
        "found_optimal": false,
        "plans_are_equal": false
    },
    "Graph with 9 nodes and 8 edges": {
        "solution": {
            "(7, 8, 7)": 1,
            "(4, 5, 1)": 1,
            "(6, 7, 6)": 1,
            "(2, 3, 4)": 1,
            "(6, 7, 5)": 1,
            "(3, 4, 2)": 1,
            "(1, 2, 3)": 1,
            "(1, 2, 0)": 1
        },
        "join": [
            8,
            [
                [
                    6,
                    7
                ],
                [
                    3,
                    [
                        [
                            4,
                            5
                        ],
                        [
                            1,
                            2
                        ]
                    ]
                ]
            ]
        ],
        "cost": 14563903.027191125,
        "time": 60.2732675075531,
        "optimal_cost": 15837916.235565122,
        "optimal_solution": [
            [
                3,
                [
                    [
                        5,
                        [
                            7,
                            [
                                6,
                                [
                                    0,
                                    [
                                        2,
                                        1
                                    ]
                                ]
                            ]
                        ]
                    ],
                    4
                ]
            ],
            8
        ],
        "found_optimal": false,
        "plans_are_equal": false
    },
    "Graph with 10 nodes and 9 edges": {
        "solution": {
            "(0, 1, 8)": 1,
            "(1, 2, 7)": 1,
            "(6, 7, 5)": 1,
            "(1, 2, 6)": 1,
            "(3, 4, 4)": 1,
            "(2, 3, 2)": 1,
            "(0, 1, 3)": 1,
            "(0, 1, 0)": 1,
            "(0, 1, 1)": 1
        },