{
    "Graph with 11 nodes and 10 edges": {
        "solution": {
            "(5, 6, 1)": 1,
            "(1, 2, 7)": 1,
            "(7, 8, 5)": 1,
            "(2, 3, 4)": 1,
            "(3, 4, 2)": 1,
            "(9, 10, 9)": 1,
            "(0, 1, 8)": 1,
            "(4, 5, 3)": 1,
            "(6, 7, 6)": 1,
            "(8, 9, 0)": 1
        },
        "join": [
            10,
            [
                0,
                [
                    1,
                    [
                        7,
                        [
                            2,
                            [
                                [
                                    3,
                                    4
                                ],
                                [
                                    [
                                        5,
                                        6
                                    ],
                                    [
                                        8,
                                        9
                                    ]
                                ]
                            ]
                        ]
                    ]
                ]
            ]
        ],
        "cost": 19760148739.89115,
        "time": 3.823702812194824,
        "optimal_cost": 11781826707.514254,
        "optimal_solution": [
            7,
            [
                8,
                [
                    10,
                    [
                        9,
                        [
                            3,
                            [
                                4,
                                [
                                    2,
                                    [
                                        6,
                                        [
                                            5,
                                            [
                                                1,
                                                0
                                            ]
                                        ]
                                    ]
                                ]
                            ]
                        ]
                    ]
                ]
            ]
        ],
        "found_optimal": false,
        "plans_are_equal": false
    }
}