{
    "Graph with 12 nodes and 11 edges": {
        "solution": {
            "(8, 9, 7)": 1,
            "(9, 10, 8)": 1,
            "(4, 5, 3)": 1,
            "(0, 1, 10)": 1,
            "(7, 8, 6)": 1,
            "(6, 7, 5)": 1,
            "(3, 4, 2)": 1,
            "(2, 3, 1)": 1,
            "(5, 6, 4)": 1,
            "(1, 2, 0)": 1
        },
        "join": [
            0,
            [
                10,
                [
                    9,
                    [
                        8,
                        [
                            7,
                            [
                                6,
                                [
                                    5,
                                    [
                                        4,
                                        [
                                            3,
                                            [
                                                1,
                                                2
                                            ]
                                        ]
                                    ]
                                ]
                            ]
                        ]
                    ]
                ]
            ]
        ],
        "cost": 33813759881.229675,
        "time": 601.6702980995178,
        "optimal_cost": 825620225937.842,
        "optimal_solution": [
            11,
            [
                7,
                [
                    [
                        0,
                        [
                            1,
                            [
                                4,
                                [
                                    [
                                        2,
                                        [
                                            [
                                                5,
                                                [
                                                    10,
                                                    9
                                                ]
                                            ],
                                            6
                                        ]
                                    ],
                                    3
                                ]
                            ]
                        ]
                    ],
                    8
                ]
            ]
        ],
        "found_optimal": false,
        "plans_are_equal": false
    }
}