{
    "Graph with 11 nodes and 10 edges": {
        "solution": {
            "(6, 7, 1)": 1,
            "(2, 3, 6)": 1,
            "(5, 6, 2)": 1,
            "(0, 1, 9)": 1,
            "(1, 2, 8)": 1,
            "(7, 8, 0)": 1,
            "(3, 4, 5)": 1,
            "(4, 5, 3)": 1
        },
        "join": [
            0,
            [
                1,
                [
                    2,
                    [
                        3,
                        [
                            4,
                            [
                                5,
                                [
                                    6,
                                    [
                                        7,
                                        8
                                    ]
                                ]
                            ]
                        ]
                    ]
                ]
            ]
        ],
        "cost": 543987287.030988,
        "time": 2.923393487930298,
        "optimal_cost": 11781826707.514254,
        "optimal_solution": [
            7,
            [
                8,
                [
                    10,
                    [
                        9,
                        [
                            3,
                            [
                                4,
                                [
                                    2,
                                    [
                                        6,
                                        [
                                            5,
                                            [
                                                1,
                                                0
                                            ]
                                        ]
                                    ]
                                ]
                            ]
                        ]
                    ]
                ]
            ]
        ],
        "found_optimal": false,
        "plans_are_equal": false
    }
}