{
    "Graph with 11 nodes and 10 edges": {
        "solution": {
            "(5, 6, 1)": 1,
            "(6, 7, 0)": 1,
            "(8, 9, 7)": 1,
            "(7, 8, 6)": 1,
            "(2, 3, 4)": 1,
            "(3, 4, 3)": 1,
            "(4, 5, 2)": 1,
            "(0, 1, 9)": 1,
            "(9, 10, 8)": 1,
            "(1, 2, 5)": 1
        },
        "join": [
            0,
            [
                10,
                [
                    9,
                    [
                        8,
                        [
                            1,
                            [
                                2,
                                [
                                    3,
                                    [
                                        4,
                                        [
                                            5,
                                            [
                                                6,
                                                7
                                            ]
                                        ]
                                    ]
                                ]
                            ]
                        ]
                    ]
                ]
            ]
        ],
        "cost": 48978638024.62296,
        "time": 60.107651472091675,
        "optimal_cost": 11781826707.514254,
        "optimal_solution": [
            7,
            [
                8,
                [
                    10,
                    [
                        9,
                        [
                            3,
                            [
                                4,
                                [
                                    2,
                                    [
                                        6,
                                        [
                                            5,
                                            [
                                                1,
                                                0
                                            ]
                                        ]
                                    ]
                                ]
                            ]
                        ]
                    ]
                ]
            ]
        ],
        "found_optimal": false,
        "plans_are_equal": false
    }
}