{
    "Graph with 3 nodes and 2 edges": {
        "solution": [
            {
                "(0, 1, 0)": 1,
                "(1, 2, 1)": 1
            }
        ],
        "join": [
            2,
            [
                0,
                1
            ]
        ],
        "cost": 99775.59421211873,
        "energy": -581.3392548740844,
        "estimation_size": 300,
        "time": 0.009982824325561523,
        "dynamic_programming_cost": 99551.26703154483,
        "dynamic_programming_solution": [
            2,
            [
                1,
                0
            ]
        ],
        "graph_aware_dynamic_programming_cost": 99775.59421211871,
        "graph_aware_dynamic_programming_solution": [
            2,
            [
                1,
                0
            ]
        ],
        "greedy_cost": 99775.59421211873,
        "greedy_solution": [
            2,
            [
                0,
                1
            ]
        ],
        "graph_aware_greedy_cost": 99775.59421211873,
        "graph_aware_greedy_solution": [
            2,
            [
                0,
                1
            ]
        ],
        "found_optimal": 17,
        "plans_are_equal": 17
    }
}