{
    "Graph with 4 nodes and 4 edges": {
        "solution": [
            {
                "(0, 3, 1)": 1,
                "(1, 2, 2)": 1,
                "(1, 3, 0)": 1
            }
        ],
        "join": [
            2,
            [
                0,
                [
                    1,
                    3
                ]
            ]
        ],
        "cost": 883091.0938710717,
        "energy": -781.8084986586741,
        "estimation_size": 300,
        "time": 0.7469677925109863,
        "dynamic_programming_cost": 883091.0938710716,
        "dynamic_programming_solution": [
            2,
            [
                0,
                [
                    1,
                    3
                ]
            ]
        ],
        "graph_aware_dynamic_programming_cost": 883091.0938710716,
        "graph_aware_dynamic_programming_solution": [
            2,
            [
                0,
                [
                    1,
                    3
                ]
            ]
        ],
        "greedy_cost": 883254.914135901,
        "greedy_solution": [
            2,
            [
                0,
                [
                    1,
                    3
                ]
            ]
        ],
        "graph_aware_greedy_cost": 883254.914135901,
        "graph_aware_greedy_solution": [
            2,
            [
                0,
                [
                    1,
                    3
                ]
            ]
        ],
        "found_optimal": 20,
        "plans_are_equal": 20
    }
}