{
    "Graph with 8 nodes and 7 edges": {
        "solution": [
            {
                "(0, 3, 0)": 1,
                "(0, 1, 1)": 1,
                "(0, 3, 1)": 1,
                "(0, 1, 0)": 1,
                "(0, 6, 5)": 1,
                "(0, 4, 6)": 1,
                "(0, 6, 6)": 1,
                "(0, 7, 3)": 1,
                "(0, 5, 2)": 1,
                "(0, 5, 3)": 1,
                "(0, 4, 4)": 1,
                "(0, 2, 4)": 1
            }
        ],
        "join": [
            6,
            [
                2,
                [
                    4,
                    [
                        7,
                        [
                            5,
                            [
                                1,
                                [
                                    0,
                                    3
                                ]
                            ]
                        ]
                    ]
                ]
            ]
        ],
        "cost": 116323877532.39986,
        "energy": 104.53873746945459,
        "estimation_size": 10,
        "dynamic_programming_cost": 116249003736.59172,
        "dynamic_programming_solution": [
            6,
            [
                [
                    [
                        [
                            5,
                            [
                                1,
                                [
                                    0,
                                    3
                                ]
                            ]
                        ],
                        7
                    ],
                    2
                ],
                4
            ]
        ],
        "graph_aware_dynamic_programming_cost": 116249003736.59172,
        "graph_aware_dynamic_programming_solution": [
            6,
            [
                [
                    [
                        [
                            5,
                            [
                                1,
                                [
                                    0,
                                    3
                                ]
                            ]
                        ],
                        7
                    ],
                    2
                ],
                4
            ]
        ],
        "greedy_cost": 116249003736.59177,
        "greedy_solution": [
            6,
            [
                4,
                [
                    2,
                    [
                        7,
                        [
                            5,
                            [
                                1,
                                [
                                    0,
                                    3
                                ]
                            ]
                        ]
                    ]
                ]
            ]
        ],
        "graph_aware_greedy_cost": 116249003736.59177,
        "graph_aware_greedy_solution": [
            6,
            [
                4,
                [
                    2,
                    [
                        7,
                        [
                            5,
                            [
                                1,
                                [
                                    0,
                                    3
                                ]
                            ]
                        ]
                    ]
                ]
            ]
        ],
        "found_optimal": 0,
        "plans_are_equal": 0
    }
}